Date,Precip_in,Tmin_C,Tmax_C,PET_in,Flow_in,Flow_cfs
2000-01-01,0.0,-7.8,8.9,0.03409992300662419,0.022585070431960383,15.0
2000-01-03,0.09842519685039369,5.6,17.2,0.045621374699926574,0.022585070431960383,15.0
2000-01-04,0.921259842519685,2.8,16.7,0.04734869204190977,0.03613611269113661,24.0
2000-01-05,0.22834645669291337,-6.7,8.3,0.03338150237668431,0.11141968079767123,74.0
2000-01-06,0.0,-10.0,2.2,0.022623173876707862,0.06775521129588115,45.0
2000-01-07,0.0,-3.9,7.2,0.0303732877960246,0.045170140863920766,30.0
2000-01-08,0.0,-3.3,3.9,0.022905768093711133,0.028607755880483154,19.0
2000-01-09,0.0,-1.1,9.4,0.03376392283920011,0.02710208451835246,18.0
2000-01-10,0.9488188976377954,1.7,11.1,0.03546156356184658,0.058721183123097,39.0
2000-01-11,0.0,3.9,13.9,0.040641767721458194,0.09335162445210292,62.0
2000-01-12,0.0,-3.3,6.1,0.028545240467203907,0.06323819720948907,42.0
2000-01-13,0.2992125984251969,-11.7,-2.2,0.016341364219706188,0.049687154950312847,33.0
2000-01-14,0.0,-15.6,-8.3,0.007785019644536097,0.042158798139659386,28.0
2000-01-15,0.0,-17.2,-7.2,0.00879406925332818,0.03613611269113661,24.0
2000-01-16,0.07086614173228346,-17.2,3.9,0.02565000620439303,0.03613611269113661,24.0
2000-01-17,0.0,-19.4,-10.0,0.004801454916836636,0.03312476996687523,22.0
2000-01-18,0.0,-17.8,-6.1,0.01019939506458682,0.030113427242613844,20.0
2000-01-19,0.0,-17.2,-5.6,0.011212737485949798,0.028607755880483154,19.0
2000-01-20,0.09842519685039369,-17.2,-6.1,0.01063925397254643,0.028607755880483154,19.0
2000-01-21,0.031496062992125984,-16.7,-7.8,0.008680112771567544,0.02710208451835246,18.0
2000-01-22,0.0,-17.8,-9.4,0.0064443058590111495,0.024090741794091076,16.0
2000-01-23,0.0,-18.9,-6.1,0.010139137315743117,0.024090741794091076,16.0
2000-01-24,0.0,-9.4,1.7,0.02510544856578844,0.022585070431960383,15.0
2000-01-25,0.7007874015748031,-9.4,-1.1,0.019733426172790416,0.02559641315622177,17.0
2000-01-26,0.011811023622047244,-7.2,-0.6,0.019695424013903083,0.02559641315622177,17.0
2000-01-27,0.0,-15.6,-5.0,0.013611912492223079,0.024090741794091076,16.0
2000-01-28,0.0,-17.8,-6.7,0.010419563157118427,0.022585070431960383,15.0
2000-01-29,0.0,-15.6,1.1,0.024561546753612218,0.021079399069829693,14.0
2000-01-30,0.0,-15.0,8.9,0.04153766579596072,0.021079399069829693,14.0
2000-01-31,0.38976377952755903,-2.2,3.3,0.025068423362177093,0.034630441329005925,23.0
2000-02-01,0.0,-5.0,3.9,0.03031802508472037,0.03312476996687523,22.0
2000-02-02,0.0,-9.4,-3.3,0.01685153561128065,0.02710208451835246,18.0
2000-02-03,0.0,-15.6,0.6,0.024989500780734378,0.024090741794091076,16.0
2000-02-04,0.01968503937007874,-8.3,0.0,0.02398094496161589,0.024090741794091076,16.0
2000-02-05,0.0,-7.2,3.3,0.03168726636876966,0.024090741794091076,16.0
2000-02-06,0.011811023622047244,-7.2,1.1,0.026527071663861767,0.022585070431960383,15.0
2000-02-07,0.0,-8.3,6.1,0.04002958981237775,0.022585070431960383,15.0
2000-02-08,0.0,-14.4,-1.7,0.02220954237273749,0.021079399069829693,14.0
2000-02-09,0.0,-7.8,8.3,0.04684835352603943,0.022585070431960383,15.0
2000-02-10,0.0,-3.3,6.7,0.04036714916948709,0.024090741794091076,16.0
2000-02-11,0.09842519685039369,-3.3,3.9,0.03217679279383801,0.028607755880483154,19.0
2000-02-12,0.0,-10.6,0.0,0.027288367371421294,0.02710208451835246,18.0
2000-02-13,0.0,-12.8,3.9,0.037023724655102404,0.024090741794091076,16.0
2000-02-14,1.279527559055118,-0.6,6.7,0.03869373032693962,0.14755579348880785,98.0
2000-02-15,0.0,-4.4,3.9,0.03515001796734245,0.11443102352193261,76.0
2000-02-16,0.01968503937007874,-5.6,8.3,0.05023691288336981,0.07227222538227322,48.0
2000-02-17,0.011811023622047244,-10.6,2.2,0.03465186105450501,0.05721551176096631,38.0
2000-02-18,0.7795275590551181,-10.6,0.0,0.029334422512577653,0.049687154950312847,33.0
2000-02-19,0.24015748031496062,-5.6,1.1,0.02936350616706115,0.05119282631244354,34.0
2000-02-20,0.03937007874015748,-2.8,2.8,0.0311007524060732,0.04667581222605146,31.0
2000-02-21,0.0,-7.8,5.6,0.04568056688027112,0.042158798139659386,28.0
2000-02-22,0.0,-9.4,8.3,0.054882117136564754,0.04667581222605146,31.0
2000-02-23,0.0,-1.7,11.7,0.0638733264302881,0.06022685448522769,40.0
2000-02-24,0.20078740157480315,1.7,15.6,0.07637041281895415,0.07377789674440392,49.0
2000-02-25,0.7992125984251968,1.1,7.8,0.04513359115089773,0.117442366246194,78.0
2000-02-26,0.11023622047244096,1.1,4.4,0.02960195694653506,0.16411817847224547,109.0
2000-02-27,0.0,2.8,16.7,0.08240938961715023,0.14906146485093855,99.0
2000-02-28,0.24015748031496062,2.2,13.3,0.06909892900485723,0.14755579348880785,98.0
2000-02-29,0.0,1.1,9.4,0.054534784609031384,0.13249907986750092,88.0
2000-03-01,0.0,1.7,9.4,0.05382851985329337,0.10840833807340984,72.0
2000-03-02,0.01968503937007874,2.2,10.0,0.05609346513090954,0.09335162445210292,62.0
2000-03-03,0.0,0.0,8.3,0.053752212359617725,0.07528356810653461,50.0
2000-03-04,0.0,-0.6,11.1,0.0677812780045596,0.055709840398835614,37.0
2000-03-05,0.0,1.7,10.0,0.05923866502963069,0.049687154950312847,33.0
2000-03-06,0.0,-2.8,8.9,0.06270295518047038,0.039147455415398,26.0
2000-03-07,0.011811023622047244,-3.9,16.7,0.09764623023866295,0.042158798139659386,28.0
2000-03-08,0.0,2.2,12.2,0.07106019046318048,0.034630441329005925,23.0
2000-03-09,0.051181102362204724,4.4,25.6,0.13723637578693842,0.03312476996687523,22.0
2000-03-10,0.01968503937007874,1.7,12.2,0.07367134946995088,0.03312476996687523,22.0
2000-03-11,1.2086614173228345,1.1,3.9,0.03154019173432504,0.05420416903670492,36.0
2000-03-12,0.3582677165354331,0.6,4.4,0.03713606343139571,0.14153310804028507,94.0
2000-03-13,0.0,-5.0,4.4,0.050884570417181196,0.0963629671763643,64.0
2000-03-14,0.0,-6.7,12.2,0.08561689716692922,0.07377789674440392,49.0
2000-03-15,0.0,-0.6,17.8,0.10965234671522944,0.06474386857161976,43.0
2000-03-16,0.25196850393700787,3.9,23.3,0.13529411672205924,0.06624953993375046,44.0
2000-03-17,0.8307086614173228,-7.2,3.9,0.053171632194903694,0.13400475122963162,89.0
2000-03-18,0.0,-11.1,1.1,0.044625906876987934,0.10690266671127915,71.0
2000-03-19,0.0,-7.8,3.9,0.0546542032941294,0.08582326764144946,57.0
2000-03-20,0.0,-3.9,4.4,0.052938820729768965,0.07528356810653461,50.0
2000-03-21,0.011811023622047244,0.6,3.3,0.03335919371114148,0.07076655402014254,47.0
2000-03-22,0.011811023622047244,0.0,8.9,0.06888926669767316,0.06926088265801185,46.0
2000-03-23,0.0,-0.6,17.2,0.1153687033574096,0.06474386857161976,43.0
2000-03-24,0.0,0.0,16.1,0.10969138457705792,0.06173252584735838,41.0
2000-03-25,0.0,-1.7,19.4,0.13066196953279632,0.058721183123097,39.0
2000-03-26,0.0,6.1,18.9,0.11676695543863684,0.05420416903670492,36.0
2000-03-27,0.0,-0.6,16.7,0.11686032218240627,0.05420416903670492,36.0
2000-03-28,1.2283464566929134,4.4,15.0,0.0981814686972043,0.15056713621306922,100.0
2000-03-29,0.24015748031496062,5.6,16.1,0.10270051729792262,0.16863519255863754,112.0
2000-03-30,0.0,2.8,12.8,0.0903340760477916,0.12948773714323952,86.0
2000-03-31,0.0,-1.7,13.3,0.10286703158236567,0.0963629671763643,64.0
2000-04-01,0.0,-1.1,17.8,0.1290258110231425,0.08582326764144946,57.0
2000-04-02,0.0,6.1,21.7,0.1432845478682769,0.07678923946866531,51.0
2000-04-03,0.0,7.2,13.9,0.08466819869604149,0.06624953993375046,44.0
2000-04-04,0.31889763779527563,6.7,20.0,0.13213381551922102,0.07227222538227322,48.0
2000-04-05,0.0,2.8,11.1,0.08359739395777104,0.07227222538227322,48.0
2000-04-06,0.07874015748031496,1.1,14.4,0.11010111218912297,0.06474386857161976,43.0
2000-04-07,0.0,4.4,17.8,0.12597077819371788,0.06323819720948907,42.0
2000-04-08,0.03937007874015748,8.9,25.6,0.17185355770144684,0.05119282631244354,34.0
2000-04-09,0.8385826771653543,0.6,16.1,0.12444878257465708,0.08582326764144946,57.0
2000-04-10,0.0,0.6,12.2,0.10036597401061435,0.07076655402014254,47.0
2000-04-11,0.09842519685039369,-2.2,10.6,0.09653995717143435,0.05420416903670492,36.0
2000-04-12,0.031496062992125984,-0.6,9.4,0.08671975638608352,0.05119282631244354,34.0
2000-04-13,0.0,-2.2,11.7,0.10458107605190818,0.04667581222605146,31.0
2000-04-14,0.0,-1.1,16.1,0.13142153996693118,0.03312476996687523,22.0
2000-04-15,0.0,5.6,23.9,0.1755859191383731,0.04065312677752869,27.0
2000-04-16,0.01968503937007874,9.4,21.7,0.14847102897800055,0.04065312677752869,27.0
2000-04-17,0.0,3.9,8.9,0.06913896313104509,0.039147455415398,26.0
2000-04-18,0.37007874015748027,4.4,7.8,0.05666803895330535,0.039147455415398,26.0
2000-04-19,0.48031496062992124,4.4,6.1,0.03888874110064068,0.08732893900358016,58.0
2000-04-20,0.011811023622047244,5.0,16.7,0.1275919425571629,0.10539699534914845,70.0
2000-04-21,2.090551181102362,5.0,8.3,0.05817929455106284,0.13400475122963162,89.0
2000-04-22,1.641732283464567,5.0,7.2,0.04671095194342491,0.5013885635895206,333.0
2000-04-23,0.38188976377952755,5.0,8.3,0.05886705618167124,0.43513902365577006,289.0
2000-04-24,0.0,4.4,11.7,0.09309703326923124,0.2785492019941781,185.0
2000-04-25,0.0,0.6,12.2,0.11048064566283806,0.1791748920935524,119.0
2000-04-26,0.7992125984251968,0.6,4.4,0.05333453250457637,0.18519757754207514,123.0
2000-04-27,0.031496062992125984,2.2,10.0,0.09044732902151117,0.18670324890420584,124.0
2000-04-28,0.0,2.8,11.7,0.10179688379318906,0.14906146485093855,99.0
2000-04-29,0.0,0.0,16.7,0.1463168866284064,0.12346505169471676,82.0
2000-04-30,0.011811023622047244,2.8,16.7,0.14134424065876644,0.10539699534914845,70.0
2000-05-01,0.0,0.0,20.6,0.17637040303920404,0.08883461036571084,59.0
2000-05-02,0.22834645669291337,3.9,18.3,0.15238908405759968,0.07227222538227322,48.0
2000-05-03,0.0,0.6,18.9,0.16453697093432884,0.07227222538227322,48.0
2000-05-04,0.0,5.6,24.4,0.19946355011421524,0.07076655402014254,47.0
2000-05-05,0.051181102362204724,12.2,30.0,0.2312160146839572,0.06926088265801185,46.0
2000-05-06,0.01968503937007874,11.1,21.1,0.15169068268342867,0.06624953993375046,44.0
2000-05-07,0.0,10.0,33.9,0.2761530319530517,0.06173252584735838,41.0
2000-05-08,0.20078740157480315,15.6,31.7,0.2373338117819059,0.058721183123097,39.0
2000-05-09,0.0,8.3,32.2,0.2665252161550537,0.05420416903670492,36.0
2000-05-10,0.9803149606299213,6.7,9.4,0.061100402480003264,0.06775521129588115,45.0
2000-05-11,0.07874015748031496,6.1,18.9,0.15653838724019511,0.12195938033258608,81.0
2000-05-12,0.0,5.0,22.2,0.18875289277566001,0.09937430990062569,66.0
2000-05-13,0.3582677165354331,9.4,15.0,0.10327534795254621,0.07227222538227322,48.0
2000-05-14,0.05905511811023622,8.3,25.0,0.20552559333926426,0.078294910830796,52.0
2000-05-15,0.0,6.1,17.8,0.14907026997196599,0.07076655402014254,47.0
2000-05-16,0.0,2.8,20.6,0.18293285751690028,0.055709840398835614,37.0
2000-05-17,0.0,8.3,22.8,0.18725965314648313,0.055709840398835614,37.0
2000-05-18,0.20866141732283466,12.2,22.8,0.17000160698753547,0.049687154950312847,33.0
2000-05-19,0.44094488188976383,5.6,16.1,0.13774068620817656,0.06323819720948907,42.0
2000-05-20,0.0,3.9,16.1,0.1444914135960342,0.06926088265801185,46.0
2000-05-21,0.051181102362204724,8.9,12.2,0.07685262812272076,0.05721551176096631,38.0
2000-05-22,0.011811023622047244,8.9,16.1,0.12165953114304272,0.05119282631244354,34.0
2000-05-23,0.16929133858267717,7.8,17.2,0.13937657952629323,0.05269849767457423,35.0
2000-05-24,0.6417322834645669,10.6,15.6,0.1039274631796974,0.09184595308997223,61.0
2000-05-25,0.011811023622047244,10.0,22.2,0.17853684770227374,0.08281192491718807,55.0
2000-05-26,0.0,11.7,22.8,0.1764888031830889,0.06173252584735838,41.0
2000-05-27,0.0,10.6,23.9,0.19362394362207805,0.049687154950312847,33.0
2000-05-28,0.0,8.3,18.3,0.14929371665421431,0.042158798139659386,28.0
2000-05-29,0.0,6.1,15.0,0.12865410533578844,0.039147455415398,26.0
2000-05-30,0.0,3.9,18.9,0.17236821625933602,0.037641784053267305,25.0
2000-05-31,0.0,5.0,23.9,0.21409241955309596,0.019573727707699,13.0
2000-06-01,0.0,14.4,31.7,0.2599122410717859,0.030113427242613844,20.0
2000-06-02,0.4094488188976378,14.4,30.6,0.2485445590901527,0.039147455415398,26.0
2000-06-03,0.0,10.0,23.9,0.19883520088379797,0.05119282631244354,34.0
2000-06-04,0.011811023622047244,7.2,22.8,0.19912049561533393,0.034630441329005925,23.0
2000-06-05,0.0,11.7,18.9,0.1367043545389644,0.028607755880483154,19.0
2000-06-06,2.850393700787402,7.8,13.9,0.10905499956828595,0.15357847893733062,102.0
2000-06-07,0.3582677165354331,7.2,20.6,0.17905868242366088,0.4411617091042928,293.0
2000-06-08,0.0,6.7,24.4,0.21674732332884594,0.20778264797403553,138.0
2000-06-09,0.0,17.8,26.7,0.1847635527308116,0.10991400943554054,73.0
2000-06-10,0.0,12.2,33.3,0.2883091524191179,0.08281192491718807,55.0
2000-06-11,0.11811023622047244,10.6,18.3,0.13863379958444316,0.06624953993375046,44.0
2000-06-12,0.14173228346456693,10.0,11.7,0.0579123318109319,0.07227222538227322,48.0
2000-06-13,0.07874015748031496,9.4,17.8,0.14118204494567196,0.06173252584735838,41.0
2000-06-14,0.051181102362204724,10.6,17.8,0.13328306590607603,0.05721551176096631,38.0
2000-06-15,0.0,13.3,20.0,0.13848233093361068,0.05119282631244354,34.0
2000-06-16,0.0,15.6,32.2,0.2639534234093777,0.04818148358818215,32.0
2000-06-17,0.03937007874015748,19.4,32.2,0.24241453572764005,0.04366446950179008,29.0
2000-06-18,0.11811023622047244,13.9,23.9,0.18039470804276128,0.04065312677752869,27.0
2000-06-19,0.01968503937007874,14.4,21.1,0.14304934641323377,0.05269849767457423,35.0
2000-06-20,0.0,12.2,27.8,0.23209978533267786,0.024090741794091076,16.0
2000-06-21,0.0,15.0,29.4,0.2359577757285452,0.028607755880483154,19.0
2000-06-22,0.14173228346456693,18.9,30.0,0.21878338609931755,0.028607755880483154,19.0
2000-06-23,0.0,16.7,26.7,0.19409617957625705,0.028607755880483154,19.0
2000-06-24,0.0,13.9,27.8,0.22383666263340085,0.02710208451835246,18.0
2000-06-25,0.0,16.7,31.1,0.2457008907692511,0.024090741794091076,16.0
2000-06-26,0.031496062992125984,21.7,27.8,0.1630908827477157,0.024090741794091076,16.0
2000-06-27,0.2992125984251969,18.3,30.6,0.22981633339868537,0.037641784053267305,25.0
2000-06-28,0.011811023622047244,16.7,28.9,0.21978832517529448,0.034630441329005925,23.0
2000-06-29,0.09842519685039369,17.8,23.9,0.14783277650751211,0.030113427242613844,20.0
2000-06-30,0.01968503937007874,15.6,26.1,0.19378433938142847,0.02559641315622177,17.0
2000-07-01,0.0,13.3,28.3,0.23109268406608657,0.021079399069829693,14.0
2000-07-02,0.0,14.4,31.7,0.26236601760651473,0.019573727707699,13.0
2000-07-03,0.0,18.3,30.0,0.22131813169543613,0.018068056345568306,12.0
2000-07-04,0.0,21.7,28.3,0.16938222125396166,0.016562384983437616,11.0
2000-07-05,0.0,15.0,28.9,0.22799057801574765,0.015056713621306922,10.0
2000-07-06,0.0,11.1,26.1,0.21657078800352852,0.014002743667815438,9.3
2000-07-07,0.0,13.3,23.9,0.1817807176982638,0.02710208451835246,18.0
2000-07-08,0.0,11.1,26.1,0.21589430881105437,0.016562384983437616,11.0
2000-07-09,0.6889763779527559,14.4,26.7,0.2056234983860291,0.018068056345568306,12.0
2000-07-10,0.011811023622047244,18.9,28.3,0.19370444262588843,0.04366446950179008,29.0
2000-07-11,0.0,13.9,28.3,0.22484664003237784,0.022585070431960383,15.0
2000-07-12,0.0,12.2,30.0,0.2494910852293759,0.016562384983437616,11.0
2000-07-13,0.0,12.8,30.0,0.24662954858400107,0.014002743667815438,9.3
2000-07-14,0.0,18.3,30.6,0.22430185247462084,0.013701609395389298,9.1
2000-07-15,0.4015748031496063,19.4,25.0,0.14296364822353314,0.03161909860474454,21.0
2000-07-16,1.0196850393700787,16.7,22.2,0.13163045338150972,0.11141968079767123,74.0
2000-07-17,0.0,14.4,21.7,0.145591308283836,0.042158798139659386,28.0
2000-07-18,0.05905511811023622,17.2,27.2,0.1896442874864725,0.02710208451835246,18.0
2000-07-19,0.0,13.9,21.1,0.14163620958173473,0.019573727707699,13.0
2000-07-20,0.0,11.7,23.9,0.18542799865323678,0.016562384983437616,11.0
2000-07-21,0.5118110236220472,10.0,28.3,0.23504756486138093,0.015056713621306922,10.0
2000-07-22,0.12992125984251968,15.6,26.7,0.19240361552429527,0.037641784053267305,25.0
2000-07-23,0.0,12.2,26.1,0.20363507426599406,0.022585070431960383,15.0
2000-07-24,0.0,12.8,26.7,0.2062967139291262,0.016562384983437616,11.0
2000-07-25,0.0,17.2,23.3,0.13803726509238254,0.028607755880483154,19.0
2000-07-26,0.22834645669291337,15.6,18.9,0.09321395367074978,0.02710208451835246,18.0
2000-07-27,1.480314960629921,15.6,18.3,0.08330843237366986,0.12647639441897815,84.0
2000-07-28,0.011811023622047244,16.1,21.7,0.12626577223160262,0.07678923946866531,51.0
2000-07-29,0.01968503937007874,15.0,25.6,0.1796939687409491,0.04366446950179008,29.0
2000-07-30,0.07874015748031496,17.8,23.3,0.12980423386794734,0.03161909860474454,21.0
2000-07-31,0.7519685039370079,16.7,18.9,0.07591827564808436,0.07528356810653461,50.0
2000-08-01,0.14960629921259844,17.2,19.4,0.07668359467910858,0.06022685448522769,40.0
2000-08-02,0.011811023622047244,17.2,25.0,0.15496570235298393,0.042158798139659386,28.0
2000-08-03,0.11023622047244096,21.1,30.6,0.19111514797429113,0.034630441329005925,23.0
2000-08-04,0.0,16.7,26.7,0.17668997216648372,0.03161909860474454,21.0
2000-08-05,0.0,14.4,27.8,0.20055693659802257,0.02559641315622177,17.0
2000-08-06,0.031496062992125984,13.9,26.1,0.1851327172863713,0.021079399069829693,14.0
2000-08-07,0.011811023622047244,20.0,30.0,0.18892335706512917,0.022585070431960383,15.0
2000-08-08,0.0,20.0,30.6,0.19496511974281322,0.018068056345568306,12.0
2000-08-09,0.0,19.4,30.6,0.19806990601669652,0.016562384983437616,11.0
2000-08-10,0.07874015748031496,18.3,30.0,0.19746199868926895,0.016562384983437616,11.0
2000-08-11,0.0,16.1,27.8,0.18618097071034923,0.013400475122963164,8.9
2000-08-12,0.0,15.0,22.2,0.13306777211449608,0.012195938033258604,8.1
2000-08-13,0.18110236220472442,14.4,20.6,0.11913216203664492,0.011593669488406332,7.7
2000-08-14,0.3110236220472441,16.1,17.8,0.061086313239560486,0.030113427242613844,20.0
2000-08-15,0.01968503937007874,17.2,21.7,0.10596344422091533,0.019573727707699,13.0
2000-08-16,0.7204724409448819,16.1,25.6,0.1588715749570459,0.058721183123097,39.0
2000-08-17,0.0,12.2,23.3,0.15707230348127857,0.04065312677752869,27.0
2000-08-18,0.09055118110236221,9.4,21.7,0.15422776135308772,0.02559641315622177,17.0
2000-08-19,0.031496062992125984,15.6,24.4,0.14699912243103674,0.024090741794091076,16.0
2000-08-20,0.0,10.6,21.1,0.14209551053513153,0.018068056345568306,12.0
2000-08-21,0.0,8.9,23.3,0.16662953909056138,0.014303877940241577,9.5
2000-08-22,0.0,10.6,25.6,0.17899162551768918,0.012647639441897817,8.4
2000-08-23,0.1889763779527559,13.3,23.3,0.14604019405490018,0.013099340850537022,8.7
2000-08-24,0.0,15.6,26.1,0.159196203462823,0.016562384983437616,11.0
2000-08-25,0.0,13.3,27.2,0.17915321051655037,0.011593669488406332,7.7
2000-08-26,0.0,13.9,28.9,0.19046652357393085,0.01008799812627564,6.7
2000-08-27,0.0,15.6,28.9,0.18200780657236781,0.009034028172784153,6.0
2000-08-28,0.0,14.4,25.6,0.15656235647575398,0.008582326764144946,5.7
2000-08-29,0.0,11.7,24.4,0.15701908264754166,0.008281192491718808,5.5
2000-08-30,0.0,11.1,27.8,0.18576791161139614,0.00948572958142336,6.3
2000-08-31,0.0,19.4,30.6,0.17354556728061143,0.008732893900358014,5.8
2000-09-01,0.0,21.7,30.6,0.1577026108859263,0.007980058219292667,5.3
2000-09-02,0.7795275590551181,15.6,25.0,0.13945939617164888,0.03613611269113661,24.0
2000-09-03,0.0,15.6,22.2,0.11171727918164964,0.028607755880483154,19.0
2000-09-04,0.011811023622047244,12.8,22.8,0.13237478809395958,0.015056713621306922,10.0
2000-09-05,0.0,6.7,18.9,0.12470362628591328,0.011292535215980191,7.5
2000-09-06,0.0,5.0,20.0,0.1358432162837351,0.009184595308997222,6.1
2000-09-07,0.0,7.2,23.9,0.1565039276803859,0.008732893900358014,5.8
2000-09-08,0.0,11.7,26.7,0.16322607693442995,0.008281192491718808,5.5
2000-09-09,0.0,15.0,27.2,0.15349433100957685,0.007829491083079601,5.2
2000-09-10,0.0,11.7,24.4,0.14312785948081846,0.007528356810653461,5.0
2000-09-11,0.0,11.7,25.6,0.15095872790014253,0.006926088265801184,4.6
2000-09-12,0.0,14.4,27.8,0.15682863968220648,0.006775521129588115,4.5
2000-09-13,0.24015748031496062,12.8,25.0,0.13995536062703476,0.013400475122963164,8.9
2000-09-14,0.0,10.0,25.0,0.14795660865559124,0.008732893900358014,5.8
2000-09-15,1.5196850393700787,11.7,19.4,0.0992604454060644,0.10690266671127915,71.0
2000-09-16,0.0,8.9,19.4,0.11004549668759397,0.06022685448522769,40.0
2000-09-17,0.0,7.8,20.6,0.12058256233686854,0.019573727707699,13.0
2000-09-18,0.0,10.6,25.6,0.1450920962936653,0.013249907986750091,8.8
2000-09-19,0.7598425196850394,14.4,25.0,0.1262157945659496,0.011292535215980191,7.5
2000-09-20,0.031496062992125984,17.8,26.1,0.11726909906312502,0.05420416903670492,36.0
2000-09-21,0.0,13.9,23.9,0.11770742816273842,0.021079399069829693,14.0
2000-09-22,0.0,9.4,20.0,0.10628144342983191,0.012948773714323951,8.6
2000-09-23,0.0,8.3,20.0,0.10869804355634927,0.010991400943554053,7.3
2000-09-24,0.01968503937007874,11.1,22.8,0.11705674127386542,0.010539699534914846,7.0
2000-09-25,0.0,6.7,17.2,0.09398869330038385,0.009636296717636432,6.4
2000-09-26,0.5,9.4,11.7,0.04149649720897793,0.019573727707699,13.0
2000-09-27,0.0,5.0,18.9,0.10596077270284145,0.02559641315622177,17.0
2000-09-28,0.0,2.2,14.4,0.08619537984578893,0.012798206578110885,8.5
2000-09-29,0.0,-0.6,12.8,0.08186230453863651,0.011292535215980191,7.5
2000-09-30,0.0,2.2,19.4,0.10982269767357639,0.014303877940241577,9.5
2000-10-01,0.0,7.2,22.2,0.11531291736431427,0.012798206578110885,8.5
2000-10-02,0.0,8.3,20.0,0.09905119424086499,0.011292535215980191,7.5
2000-10-03,0.0,8.9,25.0,0.12501767333901018,0.01008799812627564,6.7
2000-10-04,0.03937007874015748,10.0,21.1,0.09854407828759372,0.008732893900358014,5.8
2000-10-05,0.44094488188976383,7.8,14.4,0.06512915038596734,0.022585070431960383,15.0
2000-10-06,0.4606299212598425,10.6,13.9,0.047359098340173336,0.05420416903670492,36.0
2000-10-07,0.0,6.1,16.1,0.07840817666400701,0.02559641315622177,17.0
2000-10-08,0.0,2.8,12.8,0.06868017659272276,0.016562384983437616,11.0
2000-10-09,0.0,2.8,6.1,0.03390580342772444,0.013400475122963164,8.9
2000-10-10,0.0,1.7,10.0,0.05650955839493454,0.0054204169036704926,3.6
2000-10-11,0.0,3.9,17.8,0.08758281319266473,0.002258507043196038,1.5
2000-10-12,0.0,2.2,20.6,0.10152797700263747,0.007980058219292667,5.3
2000-10-13,0.0,4.4,24.4,0.11538396610339287,0.008883461036571085,5.9
2000-10-14,0.0,8.9,26.7,0.11895709689622025,0.006624953993375046,4.4
2000-10-15,0.0,12.8,23.3,0.0909382858370587,0.005872118312309699,3.9
2000-10-16,0.4606299212598425,4.4,12.8,0.0591994556946481,0.014454445076454643,9.6
2000-10-17,0.0,3.9,10.6,0.04958049869887544,0.018068056345568306,12.0
2000-10-18,1.0196850393700787,8.3,13.3,0.04832710060575249,0.018068056345568306,12.0
2000-10-19,0.07874015748031496,4.4,16.1,0.071651247402287,0.09335162445210292,62.0
2000-10-20,0.0,2.2,18.9,0.08549758983978811,0.03613611269113661,24.0
2000-10-21,0.0,6.7,24.4,0.10231943805792634,0.021079399069829693,14.0
2000-10-22,0.0,0.0,14.4,0.06836293831144251,0.015056713621306922,10.0
2000-10-23,0.0,-1.7,15.0,0.07114646480797625,0.015056713621306922,10.0
2000-10-24,0.0,2.8,20.6,0.08757100387437446,0.012798206578110885,8.5
2000-10-25,0.0,5.0,20.6,0.08402758456326499,0.010840833807340985,7.2
2000-10-26,0.0,6.1,25.0,0.09960359315453567,0.010840833807340985,7.2
2000-10-27,0.0,9.4,18.9,0.06684884359251762,0.010840833807340985,7.2
2000-10-28,0.0,0.6,12.2,0.05528713505622929,0.010690266671127914,7.1
2000-10-29,0.0,0.0,3.9,0.025852698785005276,0.009335162445210293,6.2
2000-10-30,0.42913385826771655,0.6,6.7,0.03470056458767734,0.011141968079767124,7.4
2000-10-31,0.7007874015748031,5.0,6.7,0.019959596628032573,0.06173252584735838,41.0
2000-11-01,0.0,3.9,13.3,0.05177651211703839,0.034630441329005925,23.0
2000-11-02,0.0,4.4,17.8,0.06688118585740026,0.021079399069829693,14.0
2000-11-03,0.0,3.3,16.7,0.06358619329242071,0.016562384983437616,11.0
2000-11-04,0.0,2.8,16.7,0.06343557140620765,0.015056713621306922,10.0
2000-11-05,0.8700787401574803,5.0,9.4,0.032013856794683646,0.03613611269113661,24.0
2000-11-06,0.0,2.8,11.1,0.04303151181733436,0.039147455415398,26.0
2000-11-07,0.0,1.1,15.6,0.059410752633039285,0.022585070431960383,15.0
2000-11-08,0.0,4.4,13.3,0.0469005937686871,0.018068056345568306,12.0
2000-11-09,0.0,3.3,11.7,0.042772667016458564,0.016562384983437616,11.0
2000-11-10,1.830708661417323,8.3,10.0,0.020270118712138838,0.11443102352193261,76.0
2000-11-11,0.22047244094488191,7.8,11.1,0.028243200908478712,0.1580954930237227,105.0
2000-11-12,0.0,5.0,13.9,0.04588000801598759,0.08582326764144946,57.0
2000-11-13,0.01968503937007874,5.0,8.9,0.027289708750783515,0.06474386857161976,43.0
2000-11-14,0.8818897637795277,7.2,10.6,0.02719776259131,0.06624953993375046,44.0
2000-11-15,0.031496062992125984,2.2,9.4,0.034619215306263926,0.117442366246194,78.0
2000-11-16,0.0,2.2,9.4,0.034264389996291916,0.07377789674440392,49.0
2000-11-17,0.0,2.2,13.9,0.047360594551021,0.055709840398835614,37.0
2000-11-18,0.0,-2.2,8.9,0.03736899733508276,0.04065312677752869,27.0
2000-11-19,0.0,-3.9,7.8,0.03547777868068594,0.03312476996687523,22.0
2000-11-20,0.0,-5.0,7.8,0.03573091915947436,0.030113427242613844,20.0
2000-11-21,0.0,-2.2,6.7,0.03082319201978434,0.030113427242613844,20.0
2000-11-22,0.0,-2.8,3.3,0.02276319223109021,0.028607755880483154,19.0
2000-11-23,0.0,-6.7,1.7,0.022440955658287593,0.024090741794091076,16.0
2000-11-24,0.0,-10.0,-0.6,0.019226653939057203,0.021079399069829693,14.0
2000-11-25,0.0,-11.1,1.7,0.023314688769292054,0.019573727707699,13.0
2000-11-26,1.220472440944882,-5.0,8.3,0.03499694931801721,0.058721183123097,39.0
2000-11-27,0.011811023622047244,2.8,10.0,0.03178405980446125,0.11141968079767123,74.0
2000-11-28,0.0,1.7,10.6,0.03470455719317484,0.07227222538227322,48.0
2000-11-29,0.031496062992125984,0.0,10.6,0.03626001421955768,0.042158798139659386,28.0
2000-11-30,0.1889763779527559,1.1,3.9,0.01626063675885916,0.04366446950179008,29.0
2000-12-01,0.0,-3.3,4.4,0.024208571978783292,0.039147455415398,26.0
2000-12-02,0.0,-7.8,-0.6,0.017236429291796272,0.03312476996687523,22.0
2000-12-03,0.0,-10.6,1.1,0.020952333594116804,0.028607755880483154,19.0
2000-12-04,0.0,-9.4,8.3,0.03386312606523163,0.02559641315622177,17.0
2000-12-05,0.0,-9.4,8.9,0.03483492673869458,0.02559641315622177,17.0
2000-12-06,0.0,-8.3,0.6,0.01920807408902971,0.022585070431960383,15.0
2000-12-07,0.0,-8.9,0.6,0.01932215889839325,0.021079399069829693,14.0
2000-12-08,0.0,-10.6,-6.7,0.00826053155985646,0.021079399069829693,14.0
2000-12-09,0.0,-12.2,-0.6,0.01767384817544775,0.019573727707699,13.0
2000-12-10,0.011811023622047244,-12.8,1.7,0.02115006040119358,0.018068056345568306,12.0
2000-12-11,0.011811023622047244,-0.6,5.6,0.022836595196240025,0.018068056345568306,12.0
2000-12-12,0.03937007874015748,-5.6,12.8,0.04133955145920172,0.019573727707699,13.0
2000-12-13,0.0,-10.0,-1.7,0.015460055944288887,0.018068056345568306,12.0
2000-12-14,0.8700787401574803,-4.4,1.7,0.01819931248664625,0.028607755880483154,19.0
2000-12-15,0.0,-7.2,3.9,0.02405130499238522,0.028607755880483154,19.0
2000-12-16,0.14960629921259844,-4.4,7.2,0.029179438827352154,0.03613611269113661,24.0
2000-12-17,2.0,2.8,18.3,0.04973593906420672,0.20326563388764346,135.0
2000-12-18,0.0,-2.8,4.4,0.022217680247453412,0.2981229297018771,198.0
2000-12-19,0.09842519685039369,-4.4,3.3,0.021295414301956653,0.156589821661592,104.0
2000-12-20,0.5118110236220472,-6.7,0.6,0.017725625845579532,0.12497072305684746,83.0
2000-12-21,0.0,-9.4,0.0,0.017866702332914194,0.09335162445210292,62.0
2000-12-22,0.01968503937007874,-5.6,-0.6,0.014629756110034956,0.07227222538227322,48.0
2000-12-23,0.0,-10.6,-1.7,0.015482657870790895,0.06022685448522769,40.0
2000-12-24,0.0,-9.4,0.0,0.01791486176655384,0.049687154950312847,33.0
2000-12-25,0.0,-13.3,-3.9,0.012602212239267087,0.045170140863920766,30.0
2000-12-26,0.0,-15.0,-3.3,0.013245951003811237,0.04065312677752869,27.0
2000-12-27,0.0,-8.3,0.0,0.01764761717314296,0.037641784053267305,25.0
2000-12-28,0.0,-9.4,-5.0,0.010005683870374935,0.034630441329005925,23.0
2000-12-29,0.0,-10.6,0.0,0.018371142868869438,0.03161909860474454,21.0
2000-12-30,1.2992125984251968,-8.3,0.6,0.018852020118743533,0.03613611269113661,24.0
2000-12-31,0.051181102362204724,-6.1,0.0,0.01656593801683859,0.06474386857161976,43.0
2001-01-01,0.0,-8.3,1.1,0.019797546214298443,0.04667581222605146,31.0
2001-01-02,0.0,-11.7,-1.7,0.01602896266270325,0.039147455415398,26.0
2001-01-03,0.0,-11.7,0.6,0.019708118549528583,0.03161909860474454,21.0
2001-01-04,0.0,-9.4,1.1,0.020389486301193072,0.028607755880483154,19.0
2001-01-05,0.09842519685039369,-11.7,0.0,0.01894122840794669,0.02710208451835246,18.0
2001-01-06,0.44881889763779526,-3.3,1.1,0.016323061887196996,0.030113427242613844,20.0
2001-01-07,0.0,-6.1,2.8,0.022582823496381656,0.03161909860474454,21.0
2001-01-08,0.07874015748031496,-7.8,2.2,0.022371303794681763,0.024090741794091076,16.0
2001-01-09,0.1889763779527559,-6.7,0.0,0.017755339196177663,0.02559641315622177,17.0
2001-01-10,0.0,-12.2,-2.2,0.016020809375305756,0.02710208451835246,18.0
2001-01-11,0.0,-12.8,3.9,0.026260369301890466,0.02559641315622177,17.0
2001-01-12,0.0,-12.2,0.0,0.019816836556830184,0.024090741794091076,16.0
2001-01-13,0.0,-14.4,2.2,0.02329360328418857,0.021079399069829693,14.0
2001-01-14,0.0,-7.8,6.1,0.031125728098667853,0.021079399069829693,14.0
2001-01-15,0.3307086614173228,-5.0,1.7,0.02075925589448401,0.02559641315622177,17.0
2001-01-16,0.0,-4.4,3.3,0.0239720867947991,0.02710208451835246,18.0
2001-01-17,0.0,-3.3,5.0,0.02714345439860766,0.02559641315622177,17.0
2001-01-18,0.0,-10.0,-0.6,0.01953437663699236,0.022585070431960383,15.0
2001-01-19,0.37007874015748027,-0.6,1.7,0.014315373134222268,0.03312476996687523,22.0
2001-01-20,0.011811023622047244,-5.0,0.0,0.017764418832114843,0.037641784053267305,25.0
2001-01-21,0.3582677165354331,-12.2,-2.2,0.0175728922598962,0.028607755880483154,19.0
2001-01-22,0.0,-14.4,1.7,0.024322355725604556,0.024090741794091076,16.0
2001-01-23,0.0,-14.4,3.3,0.027557693925711616,0.022585070431960383,15.0
2001-01-24,0.0,-10.6,5.0,0.03200264298653012,0.021079399069829693,14.0
2001-01-25,0.0,-7.8,4.4,0.030692022972311803,0.021079399069829693,14.0
2001-01-26,0.0,-10.6,2.8,0.028063754103641068,0.019573727707699,13.0
2001-01-27,0.0,-5.6,1.7,0.023872376158194396,0.019573727707699,13.0
2001-01-28,0.0,-7.2,2.2,0.02643323984121691,0.018068056345568306,12.0
2001-01-29,0.0,-11.7,2.8,0.028960781996346944,0.018068056345568306,12.0
2001-01-30,0.6496062992125984,-5.6,3.3,0.028612799929574904,0.04818148358818215,32.0
2001-01-31,0.16929133858267717,-1.1,6.1,0.03173013306364795,0.07528356810653461,50.0
2001-02-01,0.0,-3.3,7.8,0.03935434346157317,0.06926088265801185,46.0
2001-02-02,0.01968503937007874,-5.6,1.7,0.02551877219038394,0.05420416903670492,36.0
2001-02-03,0.0,-7.2,1.7,0.02706414748882983,0.04667581222605146,31.0
2001-02-04,0.0,-11.7,-1.1,0.02263353445612804,0.037641784053267305,25.0
2001-02-05,1.0708661417322836,-6.7,2.8,0.030140602380132196,0.03312476996687523,22.0
2001-02-06,0.09842519685039369,-0.6,6.1,0.03320530484735631,0.045170140863920766,30.0
2001-02-07,0.0,-2.8,6.1,0.03665202985539457,0.049687154950312847,33.0
2001-02-08,0.12992125984251968,-5.0,3.3,0.0312134578331382,0.04366446950179008,29.0
2001-02-09,0.1889763779527559,-0.6,7.2,0.03811833694894619,0.04667581222605146,31.0
2001-02-10,0.031496062992125984,-5.6,8.3,0.04673794859549469,0.10238565262488708,68.0
2001-02-11,0.0,-11.7,-5.0,0.016205675581829913,0.08732893900358016,58.0
2001-02-12,0.0,-15.0,-1.7,0.023108525576761036,0.06022685448522769,40.0
2001-02-13,0.0,-4.4,6.7,0.04284610126186401,0.05119282631244354,34.0
2001-02-14,0.25984251968503935,-7.8,5.0,0.04030156805811437,0.06173252584735838,41.0
2001-02-15,0.0,-1.7,4.4,0.03288085335010787,0.09034028172784153,60.0
2001-02-16,0.14960629921259844,-7.2,3.3,0.03613854651214012,0.07227222538227322,48.0
2001-02-17,0.0,-10.0,3.3,0.037529807663028714,0.06624953993375046,44.0
2001-02-18,0.0,-12.8,-2.2,0.02417156415036399,0.055709840398835614,37.0
2001-02-19,0.0,-9.4,3.3,0.03834722993981857,0.04818148358818215,32.0
2001-02-20,0.0,2.2,11.1,0.053855584886381085,0.04818148358818215,32.0
2001-02-21,0.0,-8.3,5.0,0.044010972131889474,0.05119282631244354,34.0
2001-02-22,0.051181102362204724,-15.6,-5.0,0.018465850697794006,0.04667581222605146,31.0
2001-02-23,0.11811023622047244,-7.8,2.8,0.03812208553413477,0.045170140863920766,30.0
2001-02-24,0.0,-7.2,-0.6,0.027655329019888306,0.042158798139659386,28.0
2001-02-25,0.531496062992126,-6.1,0.6,0.030528563902067908,0.04667581222605146,31.0
2001-02-26,0.0,-2.2,7.8,0.051655770854140526,0.07377789674440392,49.0
2001-02-27,0.0,-3.9,6.1,0.04795230614615471,0.06624953993375046,44.0
2001-02-28,0.0,-7.2,-1.7,0.025414497822482486,0.05420416903670492,36.0
2001-03-01,0.0,-10.0,-1.1,0.030011984832354517,0.04667581222605146,31.0
2001-03-02,0.031496062992125984,-11.7,-2.2,0.02778252612040498,0.042158798139659386,28.0
2001-03-03,0.01968503937007874,-7.2,-1.1,0.02833117819147577,0.039147455415398,26.0
2001-03-04,0.011811023622047244,-8.9,0.0,0.033853146614573976,0.03613611269113661,24.0
2001-03-05,1.5118110236220472,-2.8,0.0,0.02359221711230456,0.039147455415398,26.0
2001-03-06,1.6614173228346456,-2.2,0.0,0.02153589292327744,0.05119282631244354,34.0
2001-03-07,0.05905511811023622,-7.2,0.6,0.03560445340644213,0.05420416903670492,36.0
2001-03-08,0.0,-11.1,5.6,0.05467656728318067,0.04818148358818215,32.0
2001-03-09,0.38976377952755903,-2.2,1.1,0.028166470389555845,0.05119282631244354,34.0
2001-03-10,0.3110236220472441,-2.2,4.4,0.04412261444163246,0.06474386857161976,43.0
2001-03-11,0.0,-6.7,7.2,0.0618177763029774,0.06173252584735838,41.0
2001-03-12,0.0,-4.4,5.0,0.051526634506912375,0.06474386857161976,43.0
2001-03-13,0.8307086614173228,-1.1,3.3,0.037204559862947,0.156589821661592,104.0
2001-03-14,0.0,-2.2,6.1,0.053962279006676786,0.1596011643858534,106.0
2001-03-15,0.0,0.6,10.0,0.06787231508195612,0.13099340850537022,87.0
2001-03-16,0.0,-2.8,10.0,0.07413509534266947,0.137016093953893,91.0
2001-03-17,0.011811023622047244,-1.7,8.9,0.06815772793387884,0.13400475122963162,89.0
2001-03-18,0.09842519685039369,0.0,7.8,0.059889820450117176,0.1355104225917623,90.0
2001-03-19,0.0,-1.7,9.4,0.07199735799861928,0.13249907986750092,88.0
2001-03-20,0.0,-3.3,10.6,0.08061875130010845,0.13400475122963162,89.0
2001-03-21,0.44094488188976383,-2.2,7.8,0.06631705480990438,0.1385217653160237,92.0
2001-03-22,4.830708661417322,0.6,5.0,0.04441811475780572,1.4469501790075954,961.0
2001-03-23,0.16141732283464566,0.0,4.4,0.04353944383392605,1.6712952119650684,1110.0
2001-03-24,0.0,1.1,10.0,0.07298261013122201,0.6926088265801185,460.0
2001-03-25,0.0,-2.8,6.7,0.06437658510566359,0.41857663867233247,278.0
2001-03-26,0.20866141732283466,-4.4,4.4,0.05636014446100514,0.2890889015290929,192.0
2001-03-27,0.01968503937007874,-6.1,3.3,0.05416018238339322,0.24090741794091075,160.0
2001-03-28,0.0,-3.3,7.2,0.06955770266964219,0.23639040385451868,157.0
2001-03-29,0.0,-4.4,6.7,0.06923323128279217,0.21982801887108108,146.0
2001-03-30,2.2007874015748032,0.6,3.3,0.03590065211212332,0.39448589687824137,262.0
2001-03-31,0.011811023622047244,0.0,5.0,0.05065154321234292,0.5646267607990096,375.0
2001-04-01,0.0,0.0,1.7,0.027366664750060714,0.3568441128249741,237.0
2001-04-02,0.0,-2.2,6.1,0.06457733946681599,0.23940174657878008,159.0
2001-04-03,0.0,-3.3,8.9,0.08234266750393764,0.1385217653160237,92.0
2001-04-04,0.0,-2.2,11.7,0.09700269539228461,0.14002743667815437,93.0
2001-04-05,0.0,-2.8,14.4,0.11384299976117056,0.1385217653160237,92.0
2001-04-06,0.11811023622047244,-1.7,13.9,0.11067223735205702,0.13099340850537022,87.0
2001-04-07,0.0,1.7,8.3,0.06921206322679246,0.12798206578110885,85.0
2001-04-08,0.44094488188976383,0.6,3.9,0.04337014930153878,0.15207280757519992,101.0
2001-04-09,0.11023622047244096,3.9,18.3,0.1315804472420006,0.14454445076454644,96.0
2001-04-10,0.011811023622047244,2.8,13.9,0.10531404473193141,0.12798206578110885,85.0
2001-04-11,0.0,2.2,14.4,0.11101011835612143,0.11292535215980191,75.0
2001-04-12,0.25984251968503935,5.0,7.8,0.04966767353203387,0.11292535215980191,75.0
2001-04-13,0.0,4.4,18.3,0.13424899213357694,0.10991400943554054,73.0
2001-04-14,0.0,4.4,15.0,0.11137424837733328,0.09937430990062569,66.0
2001-04-15,0.0,-0.6,16.1,0.13077687255005446,0.09034028172784153,60.0
2001-04-16,0.0,0.6,12.2,0.10393396800746776,0.08281192491718807,55.0
2001-04-17,0.0,-0.6,13.3,0.1142925334784361,0.078294910830796,52.0
2001-04-18,0.24015748031496062,0.0,11.7,0.10335858854083058,0.08582326764144946,57.0
2001-04-19,0.0,-2.2,12.2,0.11125432864020139,0.078294910830796,52.0
2001-04-20,0.0,-2.2,19.4,0.15876665559359096,0.07076655402014254,47.0
2001-04-21,0.011811023622047244,5.0,20.6,0.15735821409307096,0.06775521129588115,45.0
2001-04-22,0.01968503937007874,11.7,30.0,0.21657466966594935,0.06474386857161976,43.0
2001-04-23,0.0,9.4,20.6,0.14464130508494533,0.058721183123097,39.0
2001-04-24,0.09842519685039369,10.6,31.7,0.23712927552750443,0.05420416903670492,36.0
2001-04-25,0.0,3.9,13.3,0.10789013032088637,0.05420416903670492,36.0
2001-04-26,0.0,0.6,15.6,0.1344581825489001,0.05119282631244354,34.0
2001-04-27,0.0,2.2,17.8,0.14798842617473826,0.05119282631244354,34.0
2001-04-28,0.0,2.2,15.0,0.12798511285634773,0.05119282631244354,34.0
2001-04-29,0.0,-1.1,16.7,0.14712338770026884,0.045170140863920766,30.0
2001-04-30,0.0,0.6,22.8,0.1903106208042725,0.04366446950179008,29.0
2001-05-01,0.0,6.1,28.9,0.2319483260490787,0.04667581222605146,31.0
2001-05-02,0.0,9.4,33.9,0.2700323692978173,0.039147455415398,26.0
2001-05-03,0.0,13.3,33.9,0.2611011118662125,0.030113427242613844,20.0
2001-05-04,0.0,16.7,32.2,0.23222496824190203,0.028607755880483154,19.0
2001-05-05,0.01968503937007874,6.1,21.7,0.17560316433078443,0.028607755880483154,19.0
2001-05-06,0.0,0.0,15.6,0.14244938325828063,0.02559641315622177,17.0
2001-05-07,0.0,-2.2,22.2,0.1943116845215537,0.024090741794091076,16.0
2001-05-08,0.0,2.2,25.0,0.21306435707878918,0.024090741794091076,16.0
2001-05-09,0.0,6.7,23.9,0.19589094383902714,0.022585070431960383,15.0
2001-05-10,0.0,6.1,27.8,0.23193664381248086,0.021079399069829693,14.0
2001-05-11,0.0,9.4,28.3,0.22919573014811487,0.019573727707699,13.0
2001-05-12,0.07874015748031496,12.8,31.1,0.24554772777504946,0.021079399069829693,14.0
2001-05-13,0.0,8.9,15.6,0.11274093244007011,0.021079399069829693,14.0
2001-05-14,0.0,3.3,20.0,0.17507532182254432,0.018068056345568306,12.0
2001-05-15,0.01968503937007874,8.3,14.4,0.10510464881356706,0.016562384983437616,11.0
2001-05-16,0.14960629921259844,8.9,10.6,0.052620770254389194,0.018068056345568306,12.0
2001-05-17,0.0,8.9,15.0,0.10799697444021003,0.019573727707699,13.0
2001-05-18,0.0,8.3,15.6,0.11852576726914606,0.018068056345568306,12.0
2001-05-19,0.0,10.6,23.3,0.18318168858729267,0.016562384983437616,11.0
2001-05-20,0.0,8.3,20.0,0.16214619426140653,0.016562384983437616,11.0
2001-05-21,0.0,6.7,18.3,0.15356383585062258,0.016562384983437616,11.0
2001-05-22,0.3307086614173228,9.4,11.7,0.06416019447929505,0.024090741794091076,16.0
2001-05-23,0.03937007874015748,10.6,17.2,0.12186205337144668,0.022585070431960383,15.0
2001-05-24,0.31889763779527563,9.4,17.8,0.1365376859082377,0.037641784053267305,25.0
2001-05-25,0.0,8.3,20.0,0.1643806291253355,0.02710208451835246,18.0
2001-05-26,0.0,8.9,20.6,0.16787737613260148,0.021079399069829693,14.0
2001-05-27,0.8110236220472441,11.7,14.4,0.07661339305488954,0.06173252584735838,41.0
2001-05-28,0.051181102362204724,11.1,21.7,0.1686647229367023,0.037641784053267305,25.0
2001-05-29,0.01968503937007874,9.4,22.2,0.18248425677207433,0.024090741794091076,16.0
2001-05-30,0.011811023622047244,7.2,16.7,0.13948398779740348,0.021079399069829693,14.0
2001-05-31,0.0,5.6,17.8,0.15704735909984285,0.016562384983437616,11.0
2001-06-01,0.0,5.0,22.8,0.20422548337957935,0.014303877940241577,9.5
2001-06-02,1.2992125984251968,11.7,18.9,0.13586445889942084,0.08582326764144946,57.0
2001-06-03,0.11811023622047244,10.6,16.7,0.11902200837753403,0.09184595308997223,61.0
2001-06-04,0.0,11.7,21.7,0.16743650818996855,0.05119282631244354,34.0
2001-06-05,0.0,11.1,23.3,0.18790043320514993,0.03161909860474454,21.0
2001-06-06,0.0,11.7,24.4,0.1966432879465085,0.024090741794091076,16.0
2001-06-07,0.0,8.9,26.1,0.22562902432322599,0.019573727707699,13.0
2001-06-08,0.0,8.9,27.8,0.24250624488756756,0.016562384983437616,11.0
2001-06-09,0.0,10.6,27.8,0.2370485041057849,0.014755579348880785,9.8
2001-06-10,0.0,10.6,29.4,0.25344837159282857,0.012948773714323951,8.6
2001-06-11,0.6181102362204725,11.7,24.4,0.19775039681193377,0.016562384983437616,11.0
2001-06-12,0.011811023622047244,14.4,20.6,0.13616471921574846,0.04366446950179008,29.0
2001-06-13,0.0,13.9,28.3,0.22885099885681753,0.022585070431960383,15.0
2001-06-14,0.0,16.7,31.7,0.25235103886185867,0.016562384983437616,11.0
2001-06-15,0.0,20.0,33.9,0.2589758024832469,0.014303877940241577,9.5
2001-06-16,0.0,20.0,32.2,0.23812893681366165,0.012346505169471677,8.2
2001-06-17,2.531496062992126,18.3,25.6,0.16685366983867242,0.10690266671127915,71.0
2001-06-18,0.0,16.7,28.9,0.22038048392642084,0.2770435306320474,184.0
2001-06-19,0.0,15.6,32.2,0.26408748941692245,0.10690266671127915,71.0
2001-06-20,0.6811023622047244,19.4,32.8,0.24981918711713863,0.09034028172784153,60.0
2001-06-21,0.0,15.6,20.0,0.11609057866427179,0.1942316057148593,129.0
2001-06-22,0.0,15.6,25.0,0.1815858313602545,0.09184595308997223,61.0
2001-06-23,0.09842519685039369,17.8,28.9,0.21308725060324063,0.05420416903670492,36.0
2001-06-24,1.0708661417322836,20.0,27.2,0.17261815916731177,0.11141968079767123,74.0
2001-06-25,0.0,17.8,28.3,0.20561795427000315,0.14755579348880785,98.0
2001-06-26,0.0,17.8,31.1,0.2392445006491339,0.078294910830796,52.0
2001-06-27,0.0,18.3,32.2,0.24908395757004456,0.05269849767457423,35.0
2001-06-28,0.0,17.8,30.0,0.22590070835110657,0.045170140863920766,30.0
2001-06-29,0.0,12.8,22.2,0.16774025654686936,0.02710208451835246,18.0
2001-06-30,1.2401574803149606,18.9,32.8,0.25202752008291174,0.09335162445210292,62.0
2001-07-01,0.9803149606299213,15.0,30.6,0.2481206223009982,0.2770435306320474,184.0
2001-07-02,0.0,11.1,22.8,0.18373885361690698,0.2529527888379563,168.0
2001-07-03,0.0,9.4,23.3,0.19660319849662236,0.11894803760832469,79.0
2001-07-04,0.0,17.8,26.7,0.18428484558676236,0.07377789674440392,49.0
2001-07-05,0.42125984251968507,18.9,28.3,0.19553133028544858,0.07377789674440392,49.0
2001-07-06,0.0,13.3,22.8,0.16998998249065017,0.07377789674440392,49.0
2001-07-07,0.0,11.1,27.2,0.22776146327185118,0.05119282631244354,34.0
2001-07-08,0.07874015748031496,17.8,22.2,0.1216218584950602,0.045170140863920766,30.0
2001-07-09,0.0,18.3,30.0,0.21974503786556174,0.039147455415398,26.0
2001-07-10,0.07874015748031496,16.7,30.6,0.23625812597842857,0.03613611269113661,24.0
2001-07-11,0.0,15.0,26.1,0.1949854347635839,0.034630441329005925,23.0
2001-07-12,0.20078740157480315,12.2,23.3,0.18040835610829295,0.03161909860474454,21.0
2001-07-13,0.0,11.7,23.3,0.18276756661007304,0.04065312677752869,27.0
2001-07-14,0.05905511811023622,13.3,24.4,0.18523808641893832,0.028607755880483154,19.0
2001-07-15,0.0,13.9,25.6,0.19442695008195673,0.02559641315622177,17.0
2001-07-16,0.0,13.3,27.8,0.2205570715435205,0.022585070431960383,15.0
2001-07-17,0.33858267716535434,16.7,20.0,0.09894959634835723,0.034630441329005925,23.0
2001-07-18,0.0,14.4,23.9,0.1711831855609073,0.030113427242613844,20.0
2001-07-19,0.0,13.9,23.9,0.17399863376883848,0.022585070431960383,15.0
2001-07-20,0.0,12.2,29.4,0.23937835066303362,0.019573727707699,13.0
2001-07-21,0.0,13.3,28.9,0.22911699156627052,0.018068056345568306,12.0
2001-07-22,0.0,17.8,31.1,0.22912279703512567,0.016562384983437616,11.0
2001-07-23,0.0,17.2,32.2,0.2440500140167142,0.014454445076454643,9.6
2001-07-24,0.0,21.7,34.4,0.24153047805920547,0.013400475122963164,8.9
2001-07-25,0.0,23.3,34.4,0.229027749832594,0.013249907986750091,8.8
2001-07-26,0.46850393700787396,11.7,23.3,0.17659583944719984,0.022585070431960383,15.0
2001-07-27,0.0,8.3,23.3,0.19051134522603977,0.019573727707699,13.0
2001-07-28,0.0,8.3,25.0,0.20539966605802248,0.014303877940241577,9.5
2001-07-29,0.0,13.3,26.7,0.20117303152440608,0.012497072305684746,8.3
2001-07-30,0.0,12.2,25.0,0.18865223764691422,0.01189480376083247,7.9
2001-07-31,0.0,10.0,29.4,0.2383824494050141,0.011443102352193259,7.6
2001-08-01,0.0,15.0,30.0,0.22440662418597804,0.011292535215980191,7.5
2001-08-02,0.0,15.6,33.3,0.25456416451531655,0.010991400943554053,7.3
2001-08-03,3.078740157480315,20.6,32.8,0.22170659528282038,0.037641784053267305,25.0
2001-08-04,0.03937007874015748,19.4,25.0,0.13446308316606642,0.18820892026633654,125.0
2001-08-05,0.0,18.9,28.3,0.17954738101198522,0.08281192491718807,55.0
2001-08-06,0.0,19.4,32.8,0.22633546315303824,0.039147455415398,26.0
2001-08-07,0.0,22.8,33.9,0.21559796392455546,0.02710208451835246,18.0
2001-08-08,0.0,22.2,31.7,0.1925292537241857,0.019573727707699,13.0
2001-08-09,0.0,22.2,35.0,0.23064799484664839,0.016562384983437616,11.0
2001-08-10,1.3110236220472442,22.8,32.8,0.19940248111474332,0.015056713621306922,10.0
2001-08-11,0.0,18.3,25.0,0.14052158555307387,0.037641784053267305,25.0
2001-08-12,1.4606299212598426,17.2,19.4,0.07332022157698419,0.10087998126275638,67.0
2001-08-13,0.18110236220472442,17.2,26.7,0.16691839093816452,0.10840833807340984,72.0
2001-08-14,0.0,15.6,22.8,0.13456324315864404,0.05721551176096631,38.0
2001-08-15,0.0,13.3,26.1,0.18088431008040404,0.04667581222605146,31.0
2001-08-16,0.0,12.8,28.9,0.2079629495365555,0.02710208451835246,18.0
2001-08-17,0.0,17.8,27.2,0.16477976264197747,0.016562384983437616,11.0
2001-08-18,0.0,18.9,28.3,0.16833048945282095,0.010389132398701779,6.9
2001-08-19,0.0,16.7,31.7,0.2144910033198819,0.013701609395389298,9.1
2001-08-20,0.18110236220472442,19.4,25.0,0.12408966467631,0.015056713621306922,10.0
2001-08-21,0.011811023622047244,18.3,27.2,0.15764728673602987,0.016562384983437616,11.0
2001-08-22,0.0,16.7,28.9,0.18368639789710015,0.013099340850537022,8.7
2001-08-23,0.0,16.1,27.8,0.1750341129177982,0.01189480376083247,7.9
2001-08-24,0.0,14.4,25.6,0.16183259965428962,0.010539699534914846,7.0
2001-08-25,0.0,11.1,24.4,0.16479877690889844,0.00948572958142336,6.3
2001-08-26,0.0,13.9,27.2,0.1766256295749279,0.008431759627931875,5.6
2001-08-27,0.011811023622047244,19.4,28.9,0.1622111586151416,0.008582326764144946,5.7
2001-08-28,0.0,19.4,27.8,0.14952081621576674,0.008582326764144946,5.7
2001-08-29,0.0,13.9,26.7,0.16870055010198745,0.00813062535550574,5.4
2001-08-30,0.0,11.1,24.4,0.15934074405914322,0.007980058219292667,5.3
2001-08-31,0.0,20.6,28.9,0.14959765876135808,0.008431759627931875,5.6
2001-09-01,0.0,10.6,25.0,0.16367863290692602,0.008431759627931875,5.6
2001-09-02,0.0,7.8,22.2,0.14970630469094964,0.00813062535550574,5.4
2001-09-03,0.0,10.6,26.1,0.16991551209255223,0.007227222538227321,4.8
2001-09-04,0.4606299212598425,12.2,27.2,0.17209141889626317,0.013852176531602369,9.2
2001-09-05,0.0,10.0,23.3,0.1477305540630283,0.011744236624619398,7.8
2001-09-06,0.0,7.8,24.4,0.16115043531845685,0.008281192491718808,5.5
2001-09-07,0.0,12.2,30.0,0.18998061972110974,0.008281192491718808,5.5
2001-09-08,0.0,17.2,30.6,0.17529100119628746,0.007980058219292667,5.3
2001-09-09,0.0,18.3,31.1,0.17319530062341779,0.0073777896744403925,4.9
2001-09-10,0.0,18.3,31.1,0.17177372694473392,0.006775521129588115,4.5
2001-09-11,0.0,11.7,26.1,0.15602006918359626,0.0064743868571619755,4.3
2001-09-12,0.0,8.9,25.0,0.15488916610755793,0.006022685448522769,4.0
2001-09-13,0.01968503937007874,11.1,29.4,0.17926833335856504,0.0054204169036704926,3.6
2001-09-14,0.44094488188976383,7.8,15.6,0.08995242490189073,0.006926088265801184,4.6
2001-09-15,0.0,4.4,18.9,0.1213621700936993,0.008883461036571085,5.9
2001-09-16,0.0,4.4,23.3,0.14758412176284735,0.00813062535550574,5.4
2001-09-17,0.0,7.2,23.9,0.1448641213882515,0.007829491083079601,5.2
2001-09-18,0.0,8.9,24.4,0.14285143928055222,0.007528356810653461,5.0
2001-09-19,0.0,14.4,21.1,0.09602419692932962,0.006323819720948909,4.2
2001-09-20,0.05905511811023622,14.4,20.0,0.0856232213780666,0.005119282631244353,3.4
2001-09-21,0.610236220472441,17.2,20.6,0.06929676044150107,0.021079399069829693,14.0
2001-09-22,0.031496062992125984,17.8,26.1,0.11614860167691815,0.021079399069829693,14.0
2001-09-23,0.0,13.9,24.4,0.12026250415873183,0.009335162445210293,6.2
2001-09-24,0.0,13.9,23.9,0.11543140936375583,0.019573727707699,13.0
2001-09-25,0.24015748031496062,16.1,22.8,0.09495380408126493,0.014002743667815438,9.3
2001-09-26,0.0,10.0,22.2,0.11544459532078696,0.009937430990062567,6.6
2001-09-27,0.0,7.2,19.4,0.10484187078476673,0.006022685448522769,4.0
2001-09-28,0.031496062992125984,11.1,15.6,0.06312698599074877,0.006323819720948909,4.2
2001-09-29,0.0,5.6,15.6,0.0849145094870085,0.005269849767457423,3.5
2001-09-30,0.0,5.6,13.3,0.07075311020031536,0.004215879813965938,2.8
2001-10-01,0.0,5.6,15.0,0.07976862345049042,0.004215879813965938,2.8
2001-10-02,0.0,4.4,23.3,0.12605311596301058,0.004215879813965938,2.8
2001-10-03,0.0,7.2,26.7,0.1390810745295744,0.004215879813965938,2.8
2001-10-04,0.0,15.0,28.3,0.12899607414575692,0.00406531267775287,2.7
2001-10-05,0.0,13.9,28.3,0.13091941363014295,0.00406531267775287,2.7
2001-10-06,0.05905511811023622,7.2,22.2,0.1104166566405904,0.00406531267775287,2.7
2001-10-07,0.0,3.3,13.9,0.07456908920066718,0.003914745541539801,2.6
2001-10-08,0.0,0.6,11.7,0.06845899497353436,0.0037641784053267305,2.5
2001-10-09,0.0,-1.7,15.6,0.08733527512044732,0.0036136112691136607,2.4
2001-10-10,0.0,6.1,22.2,0.10754020377576332,0.003463044132900592,2.3
2001-10-11,0.0,6.7,25.6,0.12241155162835843,0.003463044132900592,2.3
2001-10-12,0.0,11.7,25.6,0.11142734872155775,0.003914745541539801,2.6
2001-10-13,0.0,11.1,12.8,0.031441655182728206,0.00406531267775287,2.7
2001-10-14,0.07874015748031496,11.7,14.4,0.0406173554757354,0.003914745541539801,2.6
2001-10-15,0.14173228346456693,7.2,19.4,0.08603410835196151,0.00406531267775287,2.7
2001-10-16,0.8385826771653543,3.3,19.4,0.09156182727342788,0.009184595308997222,6.1
2001-10-17,0.0,7.8,15.0,0.06062102055109225,0.05119282631244354,34.0
2001-10-18,0.0,1.7,15.6,0.07540477279420037,0.01415331080402851,9.4
2001-10-19,0.0,-1.7,18.3,0.08820540739931046,0.008281192491718808,5.5
2001-10-20,0.0,5.0,18.9,0.08283089029176875,0.006624953993375046,4.4
2001-10-21,0.0,3.3,23.3,0.10264031123643752,0.0057215511760966295,3.8
2001-10-22,0.0,6.1,20.0,0.08387610281467747,0.004968715495031284,3.3
2001-10-23,0.0,1.7,16.7,0.07535444228117892,0.004667581222605147,3.1
2001-10-24,0.0,14.4,26.1,0.09267526110072734,0.005119282631244353,3.4
2001-10-25,0.0,11.7,25.6,0.0956165883849419,0.0061732525847358385,4.1
2001-10-26,0.0,4.4,16.7,0.06912637339109062,0.004968715495031284,3.3
2001-10-27,0.0,2.8,13.9,0.05985238321820436,0.004366446950179007,2.9
2001-10-28,0.0,-2.2,11.7,0.05707096027923789,0.004215879813965938,2.8
2001-10-29,0.0,-3.9,14.4,0.06614182892391339,0.004215879813965938,2.8
2001-10-30,0.0,-2.2,13.3,0.06093393383774163,0.004818148358818216,3.2
2001-10-31,0.07874015748031496,-5.0,10.6,0.053293451332541486,0.00406531267775287,2.7
2001-11-01,0.16141732283464566,8.9,20.0,0.06954843515826392,0.0097868638538495,6.5
2001-11-02,0.0,10.6,24.4,0.08388401053254614,0.006624953993375046,4.4
2001-11-03,0.03937007874015748,6.1,18.3,0.06624527282102334,0.0054204169036704926,3.6
2001-11-04,0.0,3.3,15.0,0.05759931667003626,0.005570984039883562,3.7
2001-11-05,0.2716535433070866,3.3,10.0,0.03908590010177127,0.007528356810653461,5.0
2001-11-06,0.0,1.1,12.2,0.04972926081521614,0.010840833807340985,7.2
2001-11-07,0.0,0.6,13.9,0.055132273960433395,0.0064743868571619755,4.3
2001-11-08,0.0,-2.2,12.8,0.05337857421910857,0.005570984039883562,3.7
2001-11-09,0.051181102362204724,-1.1,11.7,0.04875319577698162,0.005570984039883562,3.7
2001-11-10,0.0,-2.2,10.6,0.04591280561706179,0.0054204169036704926,3.6
2001-11-11,0.0,-2.2,8.3,0.03897389141035901,0.004818148358818216,3.2
2001-11-12,0.0,-5.6,6.7,0.03671800386000191,0.004366446950179007,2.9
2001-11-13,0.0,-7.8,9.4,0.043535059549282364,0.004517014086392076,3.0
2001-11-14,0.011811023622047244,-0.6,13.3,0.05027081534400916,0.004667581222605147,3.1
2001-11-15,0.0,2.2,17.8,0.06065820489048216,0.004818148358818216,3.2
2001-11-16,0.0,5.6,21.7,0.06898784141423046,0.004517014086392076,3.0
2001-11-17,0.0,-2.2,6.7,0.03236488987602186,0.00406531267775287,2.7
2001-11-18,0.0,-2.8,16.1,0.05693422757926715,0.003914745541539801,2.6
2001-11-19,0.0,3.9,17.8,0.05664630815464052,0.0036136112691136607,2.4
2001-11-20,0.05905511811023622,-2.2,14.4,0.05113854111633665,0.003914745541539801,2.6
2001-11-21,0.0,-4.4,6.1,0.031434854933803366,0.003914745541539801,2.6
2001-11-22,0.0,-1.7,12.8,0.04581831541115671,0.003914745541539801,2.6
2001-11-23,0.0,-3.3,12.2,0.044728764949456615,0.0036136112691136607,2.4
2001-11-24,0.01968503937007874,0.0,11.1,0.03936938658123334,0.0036136112691136607,2.4
2001-11-25,0.11023622047244096,3.3,18.3,0.055570132505172475,0.0037641784053267305,2.5
2001-11-26,0.11023622047244096,10.0,18.9,0.047860591777459945,0.008582326764144946,5.7
2001-11-27,0.0,5.0,13.3,0.03830739132008995,0.0064743868571619755,4.3
2001-11-28,0.0,5.0,16.7,0.04796730428050453,0.005119282631244353,3.4
2001-11-29,0.14960629921259844,1.7,8.9,0.030106773445704706,0.0064743868571619755,4.3
2001-11-30,0.031496062992125984,4.4,18.3,0.0523973130457913,0.005872118312309699,3.9
2001-12-01,0.0,8.9,21.7,0.05668856628753106,0.004968715495031284,3.3
2001-12-02,0.0,0.6,11.1,0.03643456052040206,0.004215879813965938,2.8
2001-12-03,0.0,-2.8,12.8,0.04253430017934931,0.00406531267775287,2.7
2001-12-04,0.0,-1.7,14.4,0.04548403977879085,0.00406531267775287,2.7
2001-12-05,0.01968503937007874,8.3,19.4,0.04920242619432147,0.003914745541539801,2.6
2001-12-06,0.0,9.4,24.4,0.06235730541177176,0.0037641784053267305,2.5
2001-12-07,0.0,0.6,14.4,0.04337851451585105,0.0036136112691136607,2.4
2001-12-08,0.14173228346456693,-3.9,4.4,0.02388237138946865,0.003463044132900592,2.3
2001-12-09,0.7598425196850394,-5.0,2.8,0.021321530192875592,0.00767892394686653,5.1
2001-12-10,0.0,-8.3,6.7,0.029970350699131273,0.007076655402014255,4.7
2001-12-11,0.0,-2.8,8.3,0.031043082407003063,0.0061732525847358385,4.1
2001-12-12,0.0,-3.9,5.0,0.02473264380229911,0.006624953993375046,4.4
2001-12-13,0.12992125984251968,1.7,7.8,0.025081559663080562,0.011443102352193259,7.6
2001-12-14,0.44094488188976383,7.8,13.3,0.02985647404686321,0.015056713621306922,10.0
2001-12-15,0.16141732283464566,-1.7,7.8,0.02878670943443852,0.03312476996687523,22.0
2001-12-16,0.0,-3.9,2.8,0.019958648527848243,0.014002743667815438,9.3
2001-12-17,0.5905511811023622,-3.3,3.9,0.02167162789292268,0.015056713621306922,10.0
2001-12-18,0.5590551181102362,0.6,2.2,0.010822127095192436,0.06474386857161976,43.0
2001-12-19,0.0,-2.2,8.3,0.030076010557808074,0.034630441329005925,23.0
2001-12-20,0.011811023622047244,-2.8,6.1,0.02581464997017168,0.018068056345568306,12.0
2001-12-21,0.0,-1.7,4.4,0.0210369039165117,0.014303877940241577,9.5
2001-12-22,0.0,-5.0,2.8,0.02074784295043618,0.012497072305684746,8.3
2001-12-23,0.0,-7.8,6.7,0.02923531985945065,0.010539699534914846,7.0
2001-12-24,0.7716535433070866,0.0,9.4,0.030730599542864237,0.05721551176096631,38.0
2001-12-25,0.0,-3.9,4.4,0.023195006118508103,0.03161909860474454,21.0
2001-12-26,0.0,-4.4,2.2,0.01916829454549337,0.019573727707699,13.0
2001-12-27,0.0,-6.1,0.6,0.017440061304857167,0.015056713621306922,10.0
2001-12-28,0.0,-7.8,2.2,0.02128656746803723,0.012195938033258604,8.1
2001-12-29,0.0,-4.4,3.9,0.0227525847492263,0.010991400943554053,7.3
2001-12-30,0.0,-5.6,1.7,0.019331427524478143,0.009937430990062567,6.6
2001-12-31,0.0,-6.7,0.6,0.018052698707459822,0.009034028172784153,6.0
2002-01-01,0.0,-8.9,2.2,0.021892150784748245,0.008732893900358014,5.8
2002-01-02,0.0,-7.8,3.9,0.024757377333785368,0.00813062535550574,5.4
2002-01-03,0.0,-4.4,4.4,0.02422243839127854,0.007528356810653461,5.0
2002-01-04,0.0,-6.7,0.6,0.01837098462216759,0.0073777896744403925,4.9
2002-01-05,0.0,-5.0,5.6,0.027307303204697535,0.007076655402014255,4.7
2002-01-06,0.29133858267716534,-1.7,7.8,0.029945162886936317,0.0073777896744403925,4.9
2002-01-07,0.38188976377952755,-2.2,4.4,0.022758544415197982,0.03613611269113661,24.0
2002-01-08,0.01968503937007874,-7.2,1.1,0.020041540601196853,0.015056713621306922,10.0
2002-01-09,0.0,-3.9,3.3,0.022290921471167145,0.011593669488406332,7.7
2002-01-10,0.0,1.1,9.4,0.03173865829278836,0.011141968079767124,7.4
2002-01-11,0.16929133858267717,0.0,4.4,0.020193781924921966,0.01355104225917623,9.0
2002-01-12,0.0,-1.7,5.6,0.025875996302217902,0.01415331080402851,9.4
2002-01-13,1.0590551181102361,0.0,3.3,0.017265268812857823,0.04667581222605146,31.0
2002-01-14,0.0,-2.8,3.3,0.02195758337068127,0.03613611269113661,24.0
2002-01-15,0.2795275590551181,-1.7,1.1,0.014541825160366144,0.02559641315622177,17.0
2002-01-16,0.0,-2.8,3.9,0.02378728354503601,0.019573727707699,13.0
2002-01-17,0.07086614173228346,-1.7,3.9,0.022594516508418067,0.016562384983437616,11.0
2002-01-18,0.0,-5.6,2.2,0.022919165176758426,0.014605012212667716,9.7
2002-01-19,0.16141732283464566,-8.3,-0.6,0.019055893379419236,0.013099340850537022,8.7
2002-01-20,0.07874015748031496,-10.6,3.3,0.02739292516162662,0.013249907986750091,8.8
2002-01-21,0.22047244094488191,-7.8,1.1,0.02259957289173892,0.014755579348880785,9.8
2002-01-22,0.0,-3.3,7.2,0.03388043367605296,0.016562384983437616,11.0
2002-01-23,0.0,-3.3,11.7,0.045560497814535535,0.018068056345568306,12.0
2002-01-24,0.09842519685039369,2.2,8.3,0.030751629647671173,0.021079399069829693,14.0
2002-01-25,0.0,-0.6,7.2,0.03216247634950287,0.021079399069829693,14.0
2002-01-26,0.0,0.0,11.1,0.0429068805487343,0.018068056345568306,12.0
2002-01-27,0.0,-2.2,14.4,0.05428213207591037,0.015056713621306922,10.0
2002-01-28,0.0,0.6,11.7,0.04496370047080833,0.014454445076454643,9.6
2002-01-29,0.0,0.6,17.8,0.06379299691757272,0.013852176531602369,9.2
2002-01-30,0.2992125984251969,0.0,7.2,0.03307738274044395,0.024090741794091076,16.0
2002-01-31,0.6889763779527559,-1.7,0.0,0.012873711443819198,0.019573727707699,13.0
2002-02-01,0.5511811023622046,-1.7,1.7,0.019336428699070898,0.039147455415398,26.0
2002-02-02,0.0,-9.4,0.6,0.025250726427425832,0.037641784053267305,25.0
2002-02-03,0.0,-11.1,2.8,0.030676294593101595,0.022585070431960383,15.0
2002-02-04,0.0,-5.6,4.4,0.03316828692609707,0.019573727707699,13.0
2002-02-05,0.0,-8.9,-1.7,0.020693650969206813,0.018068056345568306,12.0
2002-02-06,0.0,-10.0,2.8,0.03171404027297122,0.015056713621306922,10.0
2002-02-07,0.0,-6.1,5.0,0.03630228913560804,0.015056713621306922,10.0
2002-02-08,0.0,-3.9,8.3,0.044652218869629334,0.015056713621306922,10.0
2002-02-09,0.0,-6.7,3.3,0.03293290672340958,0.014906146485093856,9.9
2002-02-10,0.11811023622047244,-8.9,11.1,0.05533122306583178,0.01415331080402851,9.4
2002-02-11,0.38188976377952755,-11.7,11.1,0.05536093328532318,0.058721183123097,39.0
2002-02-12,0.0,-12.8,5.0,0.039322344973621054,0.030113427242613844,20.0
2002-02-13,0.0,-7.2,3.3,0.034854954669799466,0.021079399069829693,14.0
2002-02-14,0.0,-10.6,2.8,0.03494944718165067,0.018068056345568306,12.0
2002-02-15,0.0,-1.1,10.0,0.051534834902118846,0.016562384983437616,11.0
2002-02-16,0.0,-1.7,12.8,0.06256301232294258,0.016562384983437616,11.0
2002-02-17,0.25984251968503935,-1.1,3.9,0.03057517151868089,0.018068056345568306,12.0
2002-02-18,0.011811023622047244,-3.9,5.6,0.04143384491007143,0.022585070431960383,15.0
2002-02-19,0.0,-6.7,10.6,0.05992806682605415,0.018068056345568306,12.0
2002-02-20,0.0,-1.7,10.6,0.05761551537889287,0.018068056345568306,12.0
2002-02-21,0.4015748031496063,6.1,14.4,0.06038575855059992,0.037641784053267305,25.0
2002-02-22,0.0,1.1,9.4,0.05021865764146271,0.028607755880483154,19.0
2002-02-23,0.0,-3.9,6.7,0.04783947988597304,0.022585070431960383,15.0
2002-02-24,0.0,-6.1,5.6,0.046490274809539905,0.019573727707699,13.0
2002-02-25,0.0,-2.8,10.6,0.0622507526703452,0.018068056345568306,12.0
2002-02-26,0.05905511811023622,-1.1,17.2,0.08768750614165417,0.018068056345568306,12.0
2002-02-27,0.5511811023622046,-1.7,13.3,0.07333399196635426,0.03312476996687523,22.0
2002-02-28,0.0,-5.0,2.2,0.03572144499150473,0.039147455415398,26.0
2002-03-01,0.0,-7.2,7.2,0.05547085687719214,0.02710208451835246,18.0
2002-03-02,0.01968503937007874,-6.1,8.3,0.05958311999039598,0.021079399069829693,14.0
2002-03-03,0.6417322834645669,3.9,17.8,0.08976335846312083,0.06775521129588115,45.0
2002-03-04,0.0,-5.0,5.0,0.04784568485732385,0.058721183123097,39.0
2002-03-05,0.0,-7.2,0.6,0.03481458287434714,0.039147455415398,26.0
2002-03-06,0.0,-6.1,9.4,0.06657643352062867,0.030113427242613844,20.0
2002-03-07,0.0,-2.2,12.2,0.07606854553181752,0.02710208451835246,18.0
2002-03-08,0.0,-1.1,5.6,0.0461379488870803,0.02559641315622177,17.0
2002-03-09,0.011811023622047244,5.0,21.1,0.11126394771262725,0.022585070431960383,15.0
2002-03-10,0.31889763779527563,-2.8,16.1,0.09659112666390947,0.04065312677752869,27.0
2002-03-11,0.0,-3.9,5.0,0.05028747668128913,0.03161909860474454,21.0
2002-03-12,0.0,-2.8,8.9,0.06621986113615377,0.024090741794091076,16.0
2002-03-13,0.051181102362204724,-2.8,8.3,0.06425121494856167,0.024090741794091076,16.0
2002-03-14,0.0,0.6,16.1,0.09763863048759547,0.024090741794091076,16.0
2002-03-15,0.011811023622047244,-1.1,7.8,0.06046751643191581,0.022585070431960383,15.0
2002-03-16,0.5511811023622046,-2.2,7.8,0.06307718633169884,0.06173252584735838,41.0
2002-03-17,0.0,-6.7,7.2,0.06583138695019006,0.04667581222605146,31.0
2002-03-18,0.33858267716535434,0.0,2.2,0.027702510008990093,0.03613611269113661,24.0
2002-03-19,0.11811023622047244,-0.6,2.8,0.03478551460518576,0.045170140863920766,30.0
2002-03-20,0.8385826771653543,-1.1,3.9,0.043280034802680174,0.04667581222605146,31.0
2002-03-21,0.011811023622047244,-0.6,10.0,0.07457503416578938,0.08130625355505738,54.0
2002-03-22,0.0,-8.3,2.8,0.05154238997272112,0.07227222538227322,48.0
2002-03-23,0.0,-5.6,5.6,0.06182378027085618,0.04818148358818215,32.0
2002-03-24,0.0,-0.6,9.4,0.07355132106058494,0.039147455415398,26.0
2002-03-25,0.03937007874015748,-0.6,7.2,0.06232019299276772,0.037641784053267305,25.0
2002-03-26,0.7401574803149605,1.7,5.0,0.04100889817841386,0.05269849767457423,35.0
2002-03-27,0.35039370078740156,2.8,8.9,0.06291705786416528,0.13249907986750092,88.0
2002-03-28,0.0,-1.1,13.3,0.09857405613663951,0.0963629671763643,64.0
2002-03-29,0.0,-1.7,16.7,0.1190072255954229,0.06474386857161976,43.0
2002-03-30,0.07874015748031496,3.9,17.8,0.11816405380427532,0.05269849767457423,35.0
2002-03-31,0.07874015748031496,2.8,17.8,0.12144051240137492,0.04667581222605146,31.0
2002-04-01,1.1299212598425197,5.0,13.3,0.08738087532200273,0.18820892026633654,125.0
2002-04-02,0.0,1.7,16.1,0.11499170403688395,0.1355104225917623,90.0
2002-04-03,0.3110236220472441,3.3,21.1,0.14484684903367948,0.09184595308997223,61.0
2002-04-04,0.0,-0.6,9.4,0.08099959178957704,0.08582326764144946,57.0
2002-04-05,0.07086614173228346,-3.3,7.2,0.07443751287652683,0.06926088265801185,46.0
2002-04-06,0.0,-1.7,9.4,0.08456640714087668,0.058721183123097,39.0
2002-04-07,0.0,-5.0,8.9,0.08700605574150787,0.049687154950312847,33.0
2002-04-08,0.01968503937007874,3.9,15.0,0.10810544437556117,0.045170140863920766,30.0
2002-04-09,0.0,9.4,24.4,0.16124541477353801,0.04366446950179008,29.0
2002-04-10,0.05905511811023622,5.0,18.3,0.12982676327276624,0.04366446950179008,29.0
2002-04-11,0.0,1.1,12.8,0.10308851346624817,0.039147455415398,26.0
2002-04-12,0.0,-1.1,18.9,0.14645550320893733,0.03613611269113661,24.0
2002-04-13,0.011811023622047244,13.3,24.4,0.1508344496747237,0.034630441329005925,23.0
2002-04-14,0.011811023622047244,11.1,23.9,0.1571009639844238,0.03312476996687523,22.0
2002-04-15,0.20866141732283466,7.2,17.2,0.11882369736679606,0.037641784053267305,25.0
2002-04-16,0.0,7.2,28.9,0.21058729907329707,0.03613611269113661,24.0
2002-04-17,0.0,11.1,34.4,0.2484632396074987,0.03161909860474454,21.0
2002-04-18,0.0,8.3,23.9,0.1710741896228306,0.03161909860474454,21.0
2002-04-19,0.0,7.8,24.4,0.17760474583253744,0.030113427242613844,20.0
2002-04-20,0.03937007874015748,6.7,17.8,0.12954911777129702,0.02710208451835246,18.0
2002-04-21,0.0,2.8,13.9,0.11343285811466595,0.02559641315622177,17.0
2002-04-22,0.1889763779527559,1.1,5.6,0.058769127907261784,0.02710208451835246,18.0
2002-04-23,0.011811023622047244,0.6,8.3,0.0813551133683572,0.030113427242613844,20.0
2002-04-24,0.0,-1.7,13.3,0.1211418264724774,0.02559641315622177,17.0
2002-04-25,0.968503937007874,0.6,16.1,0.13723074033992586,0.034630441329005925,23.0
2002-04-26,0.011811023622047244,0.0,10.6,0.1008107290652381,0.09937430990062569,66.0
2002-04-27,0.0,-1.7,16.1,0.14215779099728224,0.05721551176096631,38.0
2002-04-28,0.5393700787401575,3.3,8.3,0.07150683388754277,0.06173252584735838,41.0
2002-04-29,0.31889763779527563,1.7,6.1,0.062003730816082465,0.07377789674440392,49.0
2002-04-30,0.03937007874015748,1.7,13.3,0.11798153398852977,0.06474386857161976,43.0
2002-05-01,0.0,3.3,16.1,0.1353900636359552,0.049687154950312847,33.0
2002-05-02,0.5393700787401575,3.3,8.3,0.07297645831354946,0.05721551176096631,38.0
2002-05-03,0.01968503937007874,6.1,13.9,0.10788644112798622,0.07528356810653461,50.0
2002-05-04,0.0,3.9,21.1,0.1754378117623625,0.05119282631244354,34.0
2002-05-05,0.0,4.4,22.8,0.18890755876727677,0.04065312677752869,27.0
2002-05-06,0.0,7.2,27.8,0.22571822393507282,0.034630441329005925,23.0
2002-05-07,0.0,13.3,25.6,0.1848579107989875,0.03161909860474454,21.0
2002-05-08,0.0,8.9,20.0,0.15268801203394836,0.028607755880483154,19.0
2002-05-09,0.18110236220472442,7.8,11.7,0.07763830552286938,0.02710208451835246,18.0
2002-05-10,0.11811023622047244,11.1,25.0,0.19150550064176047,0.05119282631244354,34.0
2002-05-11,0.0,8.9,20.6,0.16015686728820822,0.03613611269113661,24.0
2002-05-12,0.5393700787401575,7.8,13.3,0.09600805018993382,0.03312476996687523,22.0
2002-05-13,2.0511811023622046,5.6,8.3,0.05894633800345489,0.13099340850537022,87.0
2002-05-14,0.2992125984251969,5.6,16.1,0.13505189252738334,0.3312476996687523,220.0
2002-05-15,0.0,4.4,14.4,0.1255704217408121,0.20627697661190483,137.0
2002-05-16,0.0,4.4,26.1,0.22553423125575606,0.11141968079767123,74.0
2002-05-17,0.011811023622047244,11.7,21.7,0.160353630221292,0.0798005821929267,53.0
2002-05-18,1.220472440944882,0.6,11.7,0.11766068769618628,0.10539699534914845,70.0
2002-05-19,0.0,0.6,15.0,0.1436966356008691,0.16261250711011477,108.0
2002-05-20,0.0,1.1,14.4,0.13824826554462952,0.117442366246194,78.0
2002-05-21,0.0,1.1,17.8,0.16570746398013278,0.08431759627931877,56.0
2002-05-22,0.0,3.3,22.2,0.19819413888216306,0.06775521129588115,45.0
2002-05-23,0.0,6.7,26.7,0.23087204754867846,0.058721183123097,39.0
2002-05-24,0.0,8.3,29.4,0.2525797060669115,0.05119282631244354,34.0
2002-05-25,0.0,8.3,16.7,0.13208974945904053,0.045170140863920766,30.0
2002-05-26,0.011811023622047244,8.9,22.2,0.18338757498245895,0.039147455415398,26.0
2002-05-27,0.07086614173228346,12.2,23.3,0.1790064751257863,0.03613611269113661,24.0
2002-05-28,0.6299212598425197,15.6,22.8,0.15038800246506806,0.04366446950179008,29.0
2002-05-29,1.480314960629921,14.4,22.8,0.16014823901936878,0.058721183123097,39.0
2002-05-30,0.0,15.6,27.8,0.20987107809058764,0.17014086392076821,113.0
2002-05-31,0.14173228346456693,17.2,28.3,0.20591171432393723,0.16562384983437614,110.0
2002-06-01,0.0,16.7,29.4,0.22229750617660712,0.10389132398701777,69.0
2002-06-02,0.16929133858267717,8.9,23.3,0.196785260369772,0.07678923946866531,51.0
2002-06-03,0.0,7.8,21.7,0.18595167727213824,0.06173252584735838,41.0
2002-06-04,0.0,5.0,19.4,0.1747163563721411,0.049687154950312847,33.0
2002-06-05,0.20078740157480315,14.4,22.8,0.16215145439161788,0.04366446950179008,29.0
2002-06-06,0.7992125984251968,11.7,20.6,0.15589166251156308,0.09335162445210292,62.0
2002-06-07,0.531496062992126,5.6,13.9,0.12232541165364688,0.15357847893733062,102.0
2002-06-08,0.0,3.9,21.1,0.19390569971580704,0.10991400943554054,73.0
2002-06-09,0.031496062992125984,11.1,26.7,0.2239234800342089,0.07377789674440392,49.0
2002-06-10,0.0,15.0,23.9,0.17184625066723427,0.05721551176096631,38.0
2002-06-11,0.0,12.2,31.1,0.26546315570869233,0.04818148358818215,32.0
2002-06-12,0.1889763779527559,9.4,12.8,0.08255271215571479,0.04667581222605146,31.0
2002-06-13,0.011811023622047244,9.4,20.6,0.17017855040835309,0.04818148358818215,32.0
2002-06-14,0.01968503937007874,11.1,18.9,0.14211218670992196,0.04366446950179008,29.0
2002-06-15,0.5511811023622046,8.9,12.2,0.07994085352129805,0.07076655402014254,47.0
2002-06-16,0.22834645669291337,8.9,14.4,0.1072591574766968,0.07076655402014254,47.0
2002-06-17,0.05905511811023622,12.8,24.4,0.19260500938901606,0.06624953993375046,44.0
2002-06-18,0.0,11.7,25.0,0.20488082091072368,0.05119282631244354,34.0
2002-06-19,0.0,11.1,25.0,0.2077563415501533,0.04065312677752869,27.0
2002-06-20,0.0,11.1,26.1,0.2191572713922009,0.037641784053267305,25.0
2002-06-21,0.0,13.3,30.0,0.2506258615443565,0.024090741794091076,16.0
2002-06-22,0.05905511811023622,16.1,26.1,0.19122411408000856,0.02559641315622177,17.0
2002-06-23,0.01968503937007874,16.1,26.7,0.19836504109238656,0.02559641315622177,17.0
2002-06-24,0.0,13.3,29.4,0.24409821071697335,0.022585070431960383,15.0
2002-06-25,0.0,10.0,29.4,0.25657034386687017,0.019573727707699,13.0
2002-06-26,0.0,18.9,33.3,0.25866352769232903,0.018068056345568306,12.0
2002-06-27,0.4015748031496063,20.6,32.8,0.24121545366661049,0.02710208451835246,18.0
2002-06-28,0.07874015748031496,18.9,27.8,0.19039979010581065,0.07076655402014254,47.0
2002-06-29,0.0,16.1,28.3,0.21654022184758082,0.03312476996687523,22.0
2002-06-30,0.0,15.0,29.4,0.23507018832607263,0.024090741794091076,16.0
2002-07-01,0.0,19.4,32.2,0.24136039230636727,0.019573727707699,13.0
2002-07-02,0.0,22.8,33.3,0.22966100032954662,0.016562384983437616,11.0
2002-07-03,0.0,24.4,35.6,0.24701844234391096,0.015056713621306922,10.0
2002-07-04,0.0,23.3,36.1,0.26211428712217355,0.014002743667815438,9.3
2002-07-05,0.0,18.9,27.2,0.18129390103958176,0.012346505169471677,8.2
2002-07-06,0.0,15.6,27.8,0.2122508203530963,0.010991400943554053,7.3
2002-07-07,0.0,17.2,25.6,0.17453340987230742,0.010690266671127914,7.1
2002-07-08,0.0,16.1,32.8,0.2648368699032943,0.01008799812627564,6.7
2002-07-09,0.531496062992126,20.0,31.1,0.22117944913358015,0.014906146485093856,9.9
2002-07-10,0.0,13.9,25.0,0.18973287441557635,0.05119282631244354,34.0
2002-07-11,0.0,10.0,23.3,0.19173012712178256,0.018068056345568306,12.0
2002-07-12,0.0,10.0,27.2,0.22994351288113843,0.012497072305684746,8.3
2002-07-13,0.0,14.4,30.6,0.24658007653045919,0.010991400943554053,7.3
2002-07-14,0.0,18.3,30.6,0.22478849857313787,0.009937430990062567,6.6
2002-07-15,0.011811023622047244,18.3,29.4,0.21005357940248492,0.00948572958142336,6.3
2002-07-16,0.0,15.0,26.1,0.1929738560222111,0.009184595308997222,6.1
2002-07-17,0.0,12.2,28.9,0.23614152261090984,0.008582326764144946,5.7
2002-07-18,0.09055118110236221,21.1,31.7,0.21630176365007553,0.008281192491718808,5.5
2002-07-19,0.20866141732283466,17.2,23.3,0.140896223467843,0.019573727707699,13.0
2002-07-20,0.0,15.0,23.3,0.1591793881804555,0.012045370897045538,8.0
2002-07-21,0.0,14.4,29.4,0.2292881097113696,0.0097868638538495,6.5
2002-07-22,0.0,18.3,32.2,0.2386691709280821,0.008582326764144946,5.7
2002-07-23,0.9015748031496063,20.6,35.6,0.26357401513805134,0.019573727707699,13.0
2002-07-24,0.25196850393700787,11.7,21.7,0.1612686073396653,0.055709840398835614,37.0
2002-07-25,0.0,10.0,24.4,0.1957150662404717,0.021079399069829693,14.0
2002-07-26,0.0,10.6,22.2,0.1710928529488452,0.012045370897045538,8.0
2002-07-27,0.051181102362204724,15.6,22.2,0.138030152800223,0.011292535215980191,7.5
2002-07-28,0.03937007874015748,16.1,25.0,0.16692163999173767,0.010238565262488706,6.8
2002-07-29,0.0,22.2,32.2,0.2068893214433548,0.0097868638538495,6.5
2002-07-30,0.0,20.6,33.9,0.23799958959276749,0.008582326764144946,5.7
2002-07-31,0.0,18.3,33.3,0.24371051307374975,0.0073777896744403925,4.9
2002-08-01,0.0,18.3,33.3,0.24278235271733595,0.007076655402014255,4.7
2002-08-02,0.0,18.3,33.3,0.24183326508159037,0.00767892394686653,5.1
2002-08-03,0.0,18.3,33.3,0.24086339588350858,0.010991400943554053,7.3
2002-08-04,0.0,18.3,33.3,0.2398728963915533,0.00767892394686653,5.1
2002-08-05,0.0,18.3,33.3,0.23886192363399855,0.006926088265801184,4.6
2002-08-06,0.0,18.3,33.3,0.2378306406104825,0.006323819720948909,4.2
2002-08-07,0.0,18.3,33.3,0.23677921650602926,0.0061732525847358385,4.1
2002-08-08,0.0,18.3,33.3,0.23570782690676892,0.0061732525847358385,4.1
2002-08-09,0.0,18.3,33.3,0.23461665401655418,0.0061732525847358385,4.1
2002-08-10,0.0,18.3,33.3,0.23350588687365237,0.0061732525847358385,4.1
2002-08-11,0.0,18.3,33.3,0.23237572156666786,0.005872118312309699,3.9
2002-08-12,0.0,18.3,33.3,0.2312263614488381,0.0054204169036704926,3.6
2002-08-13,0.0,18.3,33.3,0.23005801734982745,0.005119282631244353,3.4
2002-08-14,0.0,18.3,33.3,0.2288709077841424,0.004968715495031284,3.3
2002-08-15,0.0,18.3,33.3,0.2276652591552801,0.004968715495031284,3.3
2002-08-16,0.0,18.3,33.3,0.22644130595472742,0.004667581222605147,3.1
2002-08-17,0.0,18.3,33.3,0.22519929095492408,0.004366446950179007,2.9
2002-08-18,0.0,18.3,33.3,0.22393946539531734,0.004366446950179007,2.9
2002-08-19,0.0,18.3,33.3,0.2226620891606393,0.004215879813965938,2.8
2002-08-20,0.0,18.3,33.3,0.22136743095055617,0.004517014086392076,3.0
2002-08-21,0.0,18.3,33.3,0.22005576843985353,0.005119282631244353,3.4
2002-08-22,0.0,18.3,33.3,0.21872738842834327,0.0054204169036704926,3.6
2002-08-23,0.0,18.3,33.3,0.21738258697970045,0.012948773714323951,8.6
2002-08-24,0.0,18.3,33.3,0.21602166954846624,0.01008799812627564,6.7
2002-08-25,0.0,18.3,33.3,0.21464495109448042,0.019573727707699,13.0
2002-08-26,0.0,18.3,33.3,0.21325275618404185,0.006926088265801184,4.6
2002-08-27,0.0,18.3,33.3,0.21184541907712715,0.0054204169036704926,3.6
2002-08-28,0.0,18.3,33.3,0.21042328380003786,0.004667581222605147,3.1
2002-08-29,0.0,18.3,33.3,0.2089867042028823,0.034630441329005925,23.0
2002-08-30,0.0,18.3,33.3,0.20753604400134457,0.05269849767457423,35.0
2002-08-31,0.0,18.3,33.3,0.20607167680222996,0.015056713621306922,10.0
2002-09-01,0.011811023622047244,8.3,20.0,0.13241114418130917,0.009034028172784153,6.0
2002-09-02,0.46850393700787396,15.0,18.3,0.07527160853792451,0.015056713621306922,10.0
2002-09-03,0.2795275590551181,17.8,21.7,0.08853217276601502,0.03613611269113661,24.0
2002-09-04,0.011811023622047244,16.7,27.8,0.15810526335613945,0.015056713621306922,10.0
2002-09-05,0.0,12.2,23.3,0.13926961479470018,0.01008799812627564,6.7
2002-09-06,0.0,8.9,25.0,0.16268424185198738,0.00767892394686653,5.1
2002-09-07,0.0,10.6,27.8,0.1776297256611308,0.006926088265801184,4.6
2002-09-08,0.0,14.4,31.7,0.19511303292416454,0.006323819720948909,4.2
2002-09-09,0.0,18.3,33.3,0.19234207984705792,0.005872118312309699,3.9
2002-09-10,0.0,20.0,32.8,0.17864467602252326,0.0057215511760966295,3.8
2002-09-11,0.0,13.9,26.1,0.1479124977843859,0.0054204169036704926,3.6
2002-09-12,0.0,9.4,21.1,0.12557919343750942,0.004366446950179007,2.9
2002-09-13,0.0,9.4,27.2,0.1677415215094911,0.015056713621306922,10.0
2002-09-14,0.0,13.3,27.2,0.15488366590097988,0.00767892394686653,5.1
2002-09-15,0.1889763779527559,21.7,26.7,0.10163617816144385,0.005570984039883562,3.7
2002-09-16,0.42913385826771655,16.1,23.9,0.11323328844754439,0.03312476996687523,22.0
2002-09-17,0.0,12.8,22.8,0.11966213876447158,0.030113427242613844,20.0
2002-09-18,0.0,10.6,23.3,0.13043261893447278,0.010840833807340985,7.2
2002-09-19,0.0,12.8,26.1,0.14176067579851587,0.007829491083079601,5.2
2002-09-20,0.0,14.4,26.7,0.13904245564398265,0.006624953993375046,4.4
2002-09-21,0.0,17.8,27.8,0.1314720524930459,0.005269849767457423,3.5
2002-09-22,0.011811023622047244,20.0,28.9,0.12783786916208503,0.004818148358818216,3.2
2002-09-23,1.110236220472441,17.2,24.4,0.10403385778385955,0.05269849767457423,35.0
2002-09-24,0.0,11.7,18.3,0.08381152547938682,0.04065312677752869,27.0
2002-09-25,0.0,10.6,20.6,0.10401480439457593,0.015056713621306922,10.0
2002-09-26,0.12992125984251968,11.1,17.8,0.08138813794219947,0.008582326764144946,5.7
2002-09-27,0.44094488188976383,12.8,22.2,0.104455927497285,0.019573727707699,13.0
2002-09-28,0.2716535433070866,8.9,22.8,0.11985142862018876,0.028607755880483154,19.0
2002-09-29,0.0,5.6,18.3,0.10024261690905815,0.015056713621306922,10.0
2002-09-30,0.0,9.4,21.1,0.10577865998831987,0.010690266671127914,7.1
2002-10-01,0.0,14.4,26.7,0.1245316593215757,0.008582326764144946,5.7
2002-10-02,0.0,18.3,28.3,0.11906682995790159,0.007528356810653461,5.0
2002-10-03,0.01968503937007874,9.4,22.8,0.11247293288975632,0.006775521129588115,4.5
2002-10-04,0.031496062992125984,6.7,18.3,0.09252845025805795,0.006323819720948909,4.2
2002-10-05,0.03937007874015748,13.9,27.2,0.12404075268463133,0.0064743868571619755,4.3
2002-10-06,0.0,5.6,16.7,0.0846088241986579,0.006022685448522769,4.0
2002-10-07,0.0,5.0,21.1,0.10739154376684909,0.005872118312309699,3.9
2002-10-08,0.0,3.3,15.0,0.07908884119857562,0.007227222538227321,4.8
2002-10-09,0.0,1.1,13.3,0.07408177199128875,0.007829491083079601,5.2
2002-10-10,0.0,8.9,16.1,0.06820181483442034,0.0061732525847358385,4.1
2002-10-11,0.14960629921259844,10.0,15.6,0.060057487857451984,0.006323819720948909,4.2
2002-10-12,0.4881889763779527,12.8,14.4,0.03256690623413277,0.011744236624619398,7.8
2002-10-13,0.16141732283464566,12.8,14.4,0.03219464266840779,0.013400475122963164,8.9
2002-10-14,0.0,0.6,13.3,0.07067269570385361,0.014454445076454643,9.6
2002-10-15,0.0,-1.7,11.1,0.06375553003906413,0.010690266671127914,7.1
2002-10-16,1.480314960629921,4.4,16.7,0.07783386074393521,0.08281192491718807,55.0
2002-10-17,0.0,6.1,16.1,0.0707085589747861,0.10991400943554054,73.0
2002-10-18,0.0,2.8,13.9,0.0666191276967757,0.037641784053267305,25.0
2002-10-19,0.0,1.7,16.1,0.07656533947771492,0.018068056345568306,12.0
2002-10-20,0.0,2.2,15.0,0.07053535733140767,0.013852176531602369,9.2
2002-10-21,0.0,-1.1,12.2,0.06284276407776718,0.012346505169471677,8.2
2002-10-22,0.0,-2.8,10.6,0.05792790308862917,0.010991400943554053,7.3
2002-10-23,0.3582677165354331,-1.7,7.2,0.04417802490610373,0.016562384983437616,11.0
2002-10-24,0.0,-2.8,9.4,0.05247815971188004,0.015056713621306922,10.0
2002-10-25,0.0,-2.8,11.1,0.05757981111246843,0.01189480376083247,7.9
2002-10-26,1.830708661417323,1.7,11.1,0.051584288738337016,0.09335162445210292,62.0
2002-10-27,0.0,4.4,13.9,0.05706487069352975,0.11443102352193261,76.0
2002-10-28,0.0,-1.1,11.1,0.05405999436219053,0.05420416903670492,36.0
2002-10-29,0.0,-3.3,8.9,0.04826439434955515,0.024090741794091076,16.0
2002-10-30,0.0,-1.7,6.7,0.0389979846168528,0.019573727707699,13.0
2002-10-31,0.0,-4.4,10.0,0.05120269183068677,0.016562384983437616,11.0
2002-11-01,0.0,-4.4,10.0,0.05059931305839378,0.016562384983437616,11.0
2002-11-02,0.0,-4.4,10.0,0.050004996813027204,0.01415331080402851,9.4
2002-11-03,0.0,-4.4,10.0,0.04941993722032616,0.013701609395389298,9.1
2002-11-04,0.0,-4.4,10.0,0.048844323305510154,0.01355104225917623,9.0
2002-11-05,0.0,-4.4,10.0,0.04827833893033063,0.013249907986750091,8.8
2002-11-06,0.0,-4.4,10.0,0.047722162740017234,0.06624953993375046,44.0
2002-11-07,0.0,-4.4,10.0,0.047175968120177866,0.06173252584735838,41.0
2002-11-08,0.0,-4.4,10.0,0.046639923163677904,0.02710208451835246,18.0
2002-11-09,0.0,-4.4,10.0,0.04611419064749561,0.021079399069829693,14.0
2002-11-10,0.0,-4.4,10.0,0.04559892801951535,0.018068056345568306,12.0
2002-11-11,0.0,-4.4,10.0,0.04509428739518997,0.016562384983437616,11.0
2002-11-12,0.0,-4.4,10.0,0.044600415563967634,0.02710208451835246,18.0
2002-11-13,0.0,-4.4,10.0,0.04411745400534633,0.11443102352193261,76.0
2002-11-14,0.0,-4.4,10.0,0.04364553891438292,0.07678923946866531,51.0
2002-11-15,0.0,-4.4,10.0,0.04318480123645002,0.04366446950179008,29.0
2002-11-16,0.0,-4.4,10.0,0.04273536671099803,0.030113427242613844,20.0
2002-11-17,0.0,-4.4,10.0,0.04229735592404486,0.176163549369291,117.0
2002-11-18,0.0,-4.4,10.0,0.04187088436908118,0.2122996620604276,141.0
2002-11-19,0.0,-4.4,10.0,0.04145606251604319,0.12798206578110885,85.0
2002-11-20,0.0,-4.4,10.0,0.04105299588797183,0.09034028172784153,60.0
2002-11-21,0.0,-4.4,10.0,0.04066178514494287,0.06775521129588115,45.0
2002-11-22,0.0,-4.4,10.0,0.04028252617481939,0.10840833807340984,72.0
2002-11-23,0.0,-4.4,10.0,0.039915310190346456,0.09034028172784153,60.0
2002-11-24,0.0,-4.4,10.0,0.039560223832077676,0.06474386857161976,43.0
2002-11-25,0.0,-4.4,10.0,0.03921734927659236,0.05420416903670492,36.0
2002-11-26,0.0,-4.4,10.0,0.03888676434943709,0.05119282631244354,34.0
2002-11-27,0.0,-4.4,10.0,0.03856854264219709,0.05269849767457423,35.0
2002-11-28,0.0,-4.4,10.0,0.03826275363308185,0.04818148358818215,32.0
2002-11-29,0.0,-4.4,10.0,0.037969462810386184,0.042158798139659386,28.0
2002-11-30,0.0,-4.4,10.0,0.03768873179817105,0.04065312677752869,27.0
2002-12-01,0.0,-5.6,2.8,0.022753383452618983,0.04065312677752869,27.0
2002-12-02,0.05905511811023622,-5.6,2.2,0.021377697043798723,0.034630441329005925,23.0
2002-12-03,0.051181102362204724,-10.6,-1.1,0.017396899454395865,0.03312476996687523,22.0
2002-12-04,0.0,-11.7,-0.6,0.018218657537437954,0.03161909860474454,21.0
2002-12-05,0.1889763779527559,-8.3,-2.8,0.013405059569912538,0.030113427242613844,20.0
2002-12-06,0.14960629921259844,-10.6,-0.6,0.017900784591004238,0.030113427242613844,20.0
2002-12-07,0.0,-11.7,3.9,0.025339130646213546,0.028607755880483154,19.0
2002-12-08,0.0,-4.4,6.7,0.0289955865802826,0.02710208451835246,18.0
2002-12-09,0.0,-13.3,-3.9,0.012894554775061138,0.02710208451835246,18.0
2002-12-10,0.0,-8.9,3.9,0.02491688166314534,0.02559641315622177,17.0
2002-12-11,0.2992125984251969,-7.8,4.4,0.025497483155084523,0.024090741794091076,16.0
2002-12-12,0.7283464566929134,-0.6,3.9,0.01864083376401695,0.1159366948840633,77.0
2002-12-13,0.051181102362204724,-2.8,6.7,0.027413972823341223,0.09034028172784153,60.0
2002-12-14,2.37007874015748,1.7,7.2,0.023432329719319453,0.24241308930304145,161.0
2002-12-15,0.0,1.1,7.8,0.025798329116911004,0.4005085823267641,266.0
2002-12-16,0.16141732283464566,-3.9,1.7,0.017665059891016594,0.215311004784689,143.0
2002-12-17,0.0,-8.9,-1.7,0.014966593848703505,0.1385217653160237,92.0
2002-12-18,0.0,-10.6,3.9,0.024519028484098936,0.10389132398701777,69.0
2002-12-19,0.0,-7.8,7.2,0.03017193739968206,0.09786863853849499,65.0
2002-12-20,1.4291338582677164,2.2,15.6,0.04348257875671782,0.14755579348880785,98.0
2002-12-21,0.0,0.0,8.3,0.028126888937476047,0.26800950245926325,178.0
2002-12-22,0.0,-0.6,10.0,0.032587018729081346,0.1596011643858534,106.0
2002-12-23,0.0,0.6,6.1,0.022076309074728726,0.11141968079767123,74.0
2002-12-24,0.0,-2.8,4.4,0.02223329245958367,0.09786863853849499,65.0
2002-12-25,0.9409448818897638,-2.8,2.8,0.018788506302332423,0.08883461036571084,59.0
2002-12-26,0.35039370078740156,-6.7,0.6,0.01780526680157908,0.10991400943554054,73.0
2002-12-27,0.0,-9.4,1.1,0.019801651226098175,0.09485729581423362,63.0
2002-12-28,0.0,-9.4,1.7,0.02085691511198809,0.0798005821929267,53.0
2002-12-29,0.0,-6.1,4.4,0.024716042071367433,0.07076655402014254,47.0
2002-12-30,0.0,-9.4,0.6,0.019128372800637602,0.06624953993375046,44.0
2002-12-31,0.07874015748031496,-2.8,2.2,0.017726040387831654,0.06022685448522769,40.0
