Date,Precip_in,Tmax_degC,Tmin_degC,Flow_in
2000-01-01,0,2.2,-10,0.038377
2000-01-02,0,7.8,-9.4,0.038772639
2000-01-03,0.031496063,12.8,-1.1,0.049059258
2000-01-04,0.228346457,13.3,2.2,0.060928433
2000-01-05,0.511811024,13.3,-3.9,0.114735361
2000-01-06,0,-2.8,-13.3,0.047476701
2000-01-07,0,-0.6,-13.3,0.037981361
2000-01-08,0.011811024,2.8,-5.6,0.032838052
2000-01-09,0,0.6,-6.7,0.031651134
2000-01-10,0,6.7,-3.3,0.051433093
2000-01-11,0.909448819,5,0.6,0.16814665
2000-01-12,0,8.3,-1.1,0.079127835
2000-01-13,0.039370079,1.1,-4.4,0.051433093
2000-01-14,0.228346457,-3.9,-18.9,0.034816248
2000-01-15,0,-12.2,-21.7,0.034816248
2000-01-16,0,-5,-21.7,0.036398804
2000-01-17,0.031496063,1.1,-21.1,0.039563918
2000-01-18,0,-15,-23.3,0.039563918
2000-01-19,0,-7.2,-22.2,0.036398804
2000-01-20,0,-5.6,-17.2,0.035607526
2000-01-21,0.098425197,-7.8,-13.9,0.039563918
2000-01-22,0,-12.8,-23.3,0.045498505
2000-01-23,0,-13.3,-23.3,0.04787234
2000-01-24,0,-7.8,-20,0.035211887
2000-01-25,0,2.2,-12.2,0.036003165
2000-01-26,1.090551181,-3.3,-9.4,0.039563918
2000-01-27,0,-3.3,-15,0.040355196
2000-01-28,0,-11.7,-20,0.039563918
2000-01-29,0,-10.6,-19.4,0.036398804
2000-01-30,0,5,-15,0.034024969
2000-01-31,0.578740157,6.7,-14.4,0.035607526
2000-02-01,0.011811024,1.1,-10,0.036003165
2000-02-02,0.011811024,-1.1,-12.2,0.034420608
2000-02-03,0,-9.4,-15,0.033233691
2000-02-04,0.051181102,-1.7,-13.9,0.031651134
2000-02-05,0,1.1,-8.9,0.030068577
2000-02-06,0.011811024,-1.7,-10,0.029277299
2000-02-07,0,-1.7,-11.1,0.028090382
2000-02-08,0,2.2,-20.6,0.026507825
2000-02-09,0,-1.7,-20,0.025320907
2000-02-10,0,3.9,-6.7,0.026507825
2000-02-11,0.039370079,8.3,-5.6,0.026903464
2000-02-12,0.051181102,6.1,-15,0.025320907
2000-02-13,0,0,-17.8,0.021760155
2000-02-14,0.681102362,2.2,-16.1,0.050641815
2000-02-15,0.37007874,5.6,-5,0.126604537
2000-02-16,0.051181102,1.1,-10.6,0.079127835
2000-02-17,0,3.3,-11.1,0.059345877
2000-02-18,0,-3.3,-17.2,0.055389485
2000-02-19,0.921259843,-5,-11.1,0.043520309
2000-02-20,0.12992126,0.6,-6.1,0.04312467
2000-02-21,0.011811024,1.1,-9.4,0.039959557
2000-02-22,0,2.2,-11.7,0.037190083
2000-02-23,0,10.6,-8.3,0.040750835
2000-02-24,0,11.1,-1.1,0.053411289
2000-02-25,0.149606299,15.6,1.7,0.113548444
2000-02-26,0.62992126,4.4,-1.1,0.171707403
2000-02-27,0.031496063,1.7,-1.1,0.174476877
2000-02-28,0.38976378,14.4,1.1,0.549938456
2000-02-29,0,6.1,-2.2,0.31730262
2000-03-01,0,7.2,-6.1,0.206128011
2000-03-02,0.011811024,10,-5,0.183180939
2000-03-03,0,3.9,-3.9,0.141638825
2000-03-04,0,1.7,-4.4,0.111570248
2000-03-05,0,6.7,-3.9,0.101283629
2000-03-06,0,6.1,-2.8,0.095349042
2000-03-07,0,7.2,-5,0.094162124
2000-03-08,0,15.6,-1.1,0.135704238
2000-03-09,0,14.4,0.6,0.206128011
2000-03-10,0.318897638,23.9,-0.6,0.395639177
2000-03-11,0.078740157,6.7,-2.2,0.283277651
2000-03-12,1.480314961,0.6,-1.7,0.534112889
2000-03-13,0.118110236,2.2,-8.9,0.343414806
2000-03-14,0,1.7,-8.3,0.216018991
2000-03-15,0,8.9,-5.6,0.181202743
2000-03-16,0,15.6,-2.8,0.169729207
2000-03-17,0.88976378,20,-1.7,0.419377528
2000-03-18,0.141732283,-0.6,-16.7,0.241339898
2000-03-19,0,2.8,-11.1,0.175268155
2000-03-20,0,6.7,-6.7,0.146386496
2000-03-21,0,8.9,-2.2,0.128187093
2000-03-22,0,7.8,-0.6,0.113944083
2000-03-23,0,12.2,-4.4,0.102866186
2000-03-24,0,18.9,-1.1,0.094162124
2000-03-25,0,19.4,-2.8,0.085458062
2000-03-26,0.070866142,16.7,1.1,0.085458062
2000-03-27,0,13.9,-4.4,0.075567083
2000-03-28,0.720472441,14.4,0,0.290003517
2000-03-29,0.24015748,11.7,-0.6,0.233427114
2000-03-30,0.098425197,8.9,1.7,0.153112362
2000-03-31,0,8.3,-3.9,0.116713557
2000-04-01,0,8.9,-5,0.100096712
2000-04-02,0,15,-0.6,0.090997011
2000-04-03,0,17.8,2.2,0.087831897
2000-04-04,0.688976378,10.6,7.8,0.181994021
2000-04-05,0.25984252,16.7,0,0.17328996
2000-04-06,0,3.9,-2.8,0.117109196
2000-04-07,0.070866142,15.6,-2.8,0.104448743
2000-04-08,0.011811024,15,4.4,0.094557763
2000-04-09,0.468503937,22.2,1.7,0.157464392
2000-04-10,0.401574803,2.2,-4.4,0.149947248
2000-04-11,0,6.1,-4.4,0.125813258
2000-04-12,0.059055118,6.1,-3.9,0.108800774
2000-04-13,0,3.9,-6.1,0.095744681
2000-04-14,0,8.9,-5,0.090205732
2000-04-15,0,15.6,-3.9,0.084666784
2000-04-16,0,22.8,10.6,0.079127835
2000-04-17,0,22.8,1.7,0.071610691
2000-04-18,0.421259843,8.3,-0.6,0.089018815
2000-04-19,0.031496063,5,-0.6,0.082292949
2000-04-20,0,8.3,1.7,0.073588887
2000-04-21,0.090551181,14.4,5,0.187928609
2000-04-22,1.75984252,6.1,2.2,0.498505363
2000-04-23,0.228346457,5,2.2,0.275364867
2000-04-24,0.059055118,7.8,3.3,0.180807104
2000-04-25,0,12.2,-2.2,0.135308599
2000-04-26,0,13.9,0,0.113944083
2000-04-27,0.468503937,2.8,0,0.137682434
2000-04-28,0.011811024,9.4,0.6,0.135308599
2000-04-29,0.011811024,11.1,-1.7,0.113944083
2000-04-30,0,20,0.6,0.094557763
2000-05-01,0,13.9,-2.8,0.083084227
2000-05-02,0,16.7,0,0.074775804
2000-05-03,0,16.1,-2.2,0.068445578
2000-05-04,0,20,0.6,0.06251099
2000-05-05,0,22.2,5,0.05776332
2000-05-06,0,26.1,15.6,0.056576402
2000-05-07,0,28.3,10,0.051828732
2000-05-08,0,30.6,15,0.046685423
2000-05-09,0.161417323,30,13.3,0.052620011
2000-05-10,0.059055118,31.1,8.3,0.248857042
2000-05-11,2.338582677,8.9,5.6,0.44707227
2000-05-12,0,17.8,6.7,0.183180939
2000-05-13,0.220472441,18.3,6.7,0.138078073
2000-05-14,0.200787402,14.4,8.9,0.178433269
2000-05-15,0,18.3,1.7,0.113548444
2000-05-16,0,14.4,-1.7,0.09139265
2000-05-17,0,17.8,1.7,0.078336557
2000-05-18,0,21.1,6.7,0.082292949
2000-05-19,0.728346457,21.1,6.1,0.21166696
2000-05-20,0.421259843,6.7,2.8,0.203358537
2000-05-21,0.031496063,10.6,5,0.140451908
2000-05-22,0.078740157,10,7.2,0.122252506
2000-05-23,0.031496063,13.9,9.4,0.102866186
2000-05-24,0.75984252,18.3,9.4,0.220766661
2000-05-25,0.350393701,21.7,7.8,0.279321259
2000-05-26,0.161417323,18.9,7.2,0.16814665
2000-05-27,0,17.2,7.2,0.114735361
2000-05-28,0,19.4,4.4,0.092579567
2000-05-29,0.011811024,15,7.2,0.080710392
2000-05-30,0,17.8,1.7,0.070028134
2000-05-31,0,19.4,1.7,0.060532794
2000-06-01,0,22.8,4.4,0.052224371
2000-06-02,0,28.3,11.7,0.063302268
2000-06-03,1.460629921,29.4,11.1,0.138869351
2000-06-04,0,22.2,3.9,0.073588887
2000-06-05,0.330708661,21.7,7.2,0.063697908
2000-06-06,0.039370079,14.4,7.8,0.350140672
2000-06-07,3.460629921,9.4,5.6,1.119658871
2000-06-08,0,18.9,3.3,0.337480218
2000-06-09,0,22.8,6.7,0.190302444
2000-06-10,0.011811024,25.6,14.4,0.130165289
2000-06-11,0,30.6,14.4,0.098909794
2000-06-12,2.318897638,29.4,8.9,0.407508352
2000-06-13,0.011811024,11.7,8.9,0.217601547
2000-06-14,0.811023622,15.6,7.2,0.366757517
2000-06-15,0,12.2,8.3,0.218788465
2000-06-16,0.011811024,20.6,9.4,0.155486197
2000-06-17,0,28.9,17.2,0.123439423
2000-06-18,0.12992126,29.4,10.6,0.129374011
2000-06-19,0.429133858,18.9,12.8,0.14401266
2000-06-20,0,22.2,8.3,0.100492351
2000-06-21,0,25,8.9,0.076754
2000-06-22,0.25984252,25.6,12.2,0.080710392
2000-06-23,0.059055118,27.2,15,0.085853701
2000-06-24,0,24.4,8.3,0.064489186
2000-06-25,0,26.1,11.1,0.051828732
2000-06-26,0.358267717,29.4,16.1,0.059741516
2000-06-27,0.011811024,28.3,18.3,0.057367681
2000-06-28,0.11023622,26.7,12.2,0.050641815
2000-06-29,0,25.6,13.3,0.045894145
2000-06-30,0.200787402,23.9,11.7,0.096535959
2000-07-01,0,22.2,8.9,0.056576402
2000-07-02,0,26.7,10,0.042333392
2000-07-03,0,28.3,12.2,0.037190083
2000-07-04,0.161417323,26.7,14.4,0.042333392
2000-07-05,0.019685039,27.2,12.2,0.039959557
2000-07-06,0,24.4,6.1,0.031651134
2000-07-07,0,21.7,8.9,0.026903464
2000-07-08,0,21.7,8.3,0.023342711
2000-07-09,0,23.3,10.6,0.023342711
2000-07-10,0.098425197,23.3,13.9,0.022155794
2000-07-11,0,26.7,8.9,0.019781959
2000-07-12,0,25,8.9,0.017408124
2000-07-13,0,26.7,10.6,0.016221206
2000-07-14,0,27.2,11.7,0.01463865
2000-07-15,0.5,25.6,14.4,0.022551433
2000-07-16,2.618110236,19.4,15.6,0.49059258
2000-07-17,0.118110236,25,14.4,0.152321083
2000-07-18,0,26.1,15,0.075567083
2000-07-19,0.078740157,27.8,11.7,0.050641815
2000-07-20,0,19.4,8.9,0.040355196
2000-07-21,0,23.3,7.2,0.033233691
2000-07-22,0.059055118,25,9.4,0.028486021
2000-07-23,0,23.3,10,0.024925268
2000-07-24,0,23.9,10,0.022551433
2000-07-25,0,24.4,11.7,0.020968876
2000-07-26,0.011811024,23.3,13.9,0.020177598
2000-07-27,1.61023622,17.2,13.9,0.193467558
2000-07-28,0.271653543,17.2,13.9,0.11077897
2000-07-29,0,23.9,11.7,0.063697908
2000-07-30,0.059055118,21.7,14.4,0.052620011
2000-07-31,0.700787402,20,16.1,0.087831897
2000-08-01,0.279527559,18.9,14.4,0.098909794
2000-08-02,0.228346457,19.4,14.4,0.08150167
2000-08-03,0.031496063,28.3,17.8,0.079127835
2000-08-04,0.850393701,28.3,15,0.167751011
2000-08-05,0,25,10,0.072401969
2000-08-06,0,25,10,0.050641815
2000-08-07,0.330708661,23.3,11.1,0.066071743
2000-08-08,0.019685039,28.9,16.1,0.054202567
2000-08-09,0.031496063,27.8,15.6,0.044311588
2000-08-10,0.291338583,28.9,16.7,0.039563918
2000-08-11,0,26.1,12.2,0.037190083
2000-08-12,1.511811024,26.7,14.4,0.383770002
2000-08-13,0,20,13.3,0.146386496
2000-08-14,0.011811024,20.6,14.4,0.092183928
2000-08-15,0.421259843,18.3,14.4,0.122648145
2000-08-16,0.271653543,25.6,13.3,0.089414454
2000-08-17,0,24.4,11.7,0.069632495
2000-08-18,0,20,5,0.05301565
2000-08-19,0.031496063,20,7.2,0.048663619
2000-08-20,0,21.7,7.8,0.041146474
2000-08-21,0,19.4,5,0.035211887
2000-08-22,0,22.2,7.2,0.031255495
2000-08-23,0,23.3,8.3,0.031651134
2000-08-24,1.118110236,20,10.6,0.083875506
2000-08-25,0,25.6,10,0.046289784
2000-08-26,0,25.6,10,0.034816248
2000-08-27,0,26.7,11.1,0.029672938
2000-08-28,0,26.7,12.8,0.027299103
2000-08-29,0,24.4,13.9,0.025320907
2000-08-30,0,24.4,9.4,0.022155794
2000-08-31,0,25.6,12.2,0.021364516
2000-09-01,0,25.36451613,11.77096774,0.020573237
2000-09-02,0,25.12903226,11.34193548,0.027694742
2000-09-03,0,24.89354839,10.91290323,0.106426939
2000-09-04,0,24.65806452,10.48387097,0.052224371
2000-09-05,0,24.42258065,10.05483871,0.036794443
2000-09-06,0,24.18709677,9.625806452,0.028090382
2000-09-07,0,23.9516129,9.196774194,0.024529629
2000-09-08,0,23.71612903,8.767741935,0.022155794
2000-09-09,0,23.48064516,8.338709677,0.023342711
2000-09-10,0,23.24516129,7.909677419,0.023342711
2000-09-11,0,23.00967742,7.480645161,0.021364516
2000-09-12,0,22.77419355,7.051612903,0.018199402
2000-09-13,0,22.53870968,6.622580645,0.116317918
2000-09-14,0,22.30322581,6.193548387,0.061719712
2000-09-15,0,22.06774194,5.764516129,0.222349218
2000-09-16,0,21.83225806,5.335483871,0.132539124
2000-09-17,0,21.59677419,4.906451613,0.068445578
2000-09-18,0,21.36129032,4.477419355,0.047081062
2000-09-19,0,21.12580645,4.048387097,0.039563918
2000-09-20,0,20.89032258,3.619354839,0.103261825
2000-09-21,0,20.65483871,3.190322581,0.064093547
2000-09-22,0,20.41935484,2.761290323,0.043915949
2000-09-23,0,20.18387097,2.332258065,0.036398804
2000-09-24,0,19.9483871,1.903225806,0.036398804
2000-09-25,0,19.71290323,1.474193548,0.035211887
2000-09-26,0,19.47741935,1.04516129,0.034024969
2000-09-27,0,19.24193548,0.616129032,0.044707227
2000-09-28,0,19.00645161,0.187096774,0.036003165
2000-09-29,0,18.77096774,-0.241935484,0.030464217
2000-09-30,0,18.53548387,-0.670967742,0.028090382
2000-10-01,0,18.3,-1.1,0.025716547
2000-10-02,0,21.1,2.8,0.024529629
2000-10-03,0,18.9,5,0.023342711
2000-10-04,0,23.3,6.7,0.022947072
2000-10-05,0.070866142,19.4,5.6,0.02413399
2000-10-06,1.12992126,12.2,6.7,0.116713557
2000-10-07,0.078740157,13.3,2.2,0.08189731
2000-10-08,0,13.3,-1.7,0.050641815
2000-10-09,0,9.4,-5,0.040750835
2000-10-10,0,8.3,-3.9,0.036398804
2000-10-11,0.019685039,6.1,0,0.033233691
2000-10-12,0,15.6,0.6,0.030859856
2000-10-13,0,18.3,0,0.02888166
2000-10-14,0,21.1,7.2,0.027299103
2000-10-15,0,24.4,9.4,0.025716547
2000-10-16,0,23.3,8.3,0.025716547
2000-10-17,0.271653543,8.9,3.3,0.033233691
2000-10-18,0.070866142,9.4,4.4,0.045498505
2000-10-19,0.771653543,10.6,5.6,0.124230702
2000-10-20,0,14.4,0.6,0.065676103
2000-10-21,0,17.8,0.6,0.04787234
2000-10-22,0,22.2,-1.7,0.041542114
2000-10-23,0,16.1,-3.9,0.037190083
2000-10-24,0,14.4,-3.9,0.035211887
2000-10-25,0,20.6,0.6,0.03362933
2000-10-26,0,21.1,4.4,0.032442413
2000-10-27,0,22.8,5,0.031255495
2000-10-28,0,18.3,6.1,0.030464217
2000-10-29,0,9.4,-2.2,0.028090382
2000-10-30,0.078740157,0,-3.3,0.028090382
2000-10-31,0.031496063,4.4,-1.1,0.030068577
2000-11-01,0,8.9,-2.2,0.032838052
2000-11-02,0,12.2,1.1,0.032046773
2000-11-03,0,16.1,2.2,0.032442413
2000-11-04,0,16.1,2.2,0.031255495
2000-11-05,0,17.8,3.3,0.02888166
2000-11-06,0.011811024,7.2,0.6,0.030464217
2000-11-07,0,7.8,-0.6,0.029672938
2000-11-08,0,11.1,-1.7,0.026903464
2000-11-09,0,15.6,-0.6,0.025716547
2000-11-10,0.539370079,14.4,0.6,0.08150167
2000-11-11,0.779527559,8.3,6.1,0.099701073
2000-11-12,0.011811024,10.6,1.1,0.061719712
2000-11-13,0,9.4,0.6,0.04787234
2000-11-14,0.011811024,6.1,2.8,0.05301565
2000-11-15,0.850393701,7.2,0,0.117504836
2000-11-16,0,3.9,0,0.072797609
2000-11-17,0,7.2,0.6,0.056180763
2000-11-18,0,8.3,-2.8,0.04787234
2000-11-19,0,2.8,-5,0.045102866
2000-11-20,0,3.3,-8.9,0.041542114
2000-11-21,0.011811024,4.4,-7.2,0.040750835
2000-11-22,0.019685039,1.1,-7.2,0.039168279
2000-11-23,0.070866142,-1.1,-8.9,0.036003165
2000-11-24,0,-2.2,-13.3,0.032046773
2000-11-25,0,-3.3,-15,0.032046773
2000-11-26,0,0.6,-13.3,0.047081062
2000-11-27,0.669291339,5.6,-1.7,0.093370846
2000-11-28,0,7.8,2.2,0.070423774
2000-11-29,0,7.2,0.6,0.062115351
2000-11-30,0.11023622,6.1,-0.6,0.057367681
2000-12-01,0.059055118,3.9,-3.3,0.053411289
2000-12-02,0,1.7,-10,0.042333392
2000-12-03,0,-2.8,-14.4,0.033233691
2000-12-04,0,1.1,-12.8,0.032442413
2000-12-05,0,6.1,-9.4,0.030859856
2000-12-06,0,5.6,-9.4,0.030068577
2000-12-07,0,-5,-14.4,0.028486021
2000-12-08,0,-2.8,-12.2,0.027694742
2000-12-09,0.039370079,-6.7,-11.7,0.025320907
2000-12-10,0,-3.3,-16.1,0.027299103
2000-12-11,0.019685039,0.6,-16.1,0.034024969
2000-12-12,0.161417323,6.7,-3.3,0.036794443
2000-12-13,0.039370079,7.2,-14.4,0.034420608
2000-12-14,0.381889764,-1.7,-14.4,0.032046773
2000-12-15,0.141732283,0.6,-9.4,0.031255495
2000-12-16,0,2.8,-11.1,0.029672938
2000-12-17,0.791338583,3.3,-5,0.672586601
2000-12-18,1.720472441,14.4,-3.9,0.478723404
2000-12-19,0,-1.1,-10.6,0.19702831
2000-12-20,0.271653543,-1.1,-8.3,0.138869351
2000-12-21,0,-2.8,-12.8,0.099701073
2000-12-22,0,-1.7,-12.8,0.087831897
2000-12-23,0,-5,-13.9,0.062115351
2000-12-24,0,-6.1,-14.4,0.047476701
2000-12-25,0,-1.7,-15,0.035607526
2000-12-26,0,-11.1,-17.8,0.030859856
2000-12-27,0,-5.6,-13.9,0.031651134
2000-12-28,0,-3.3,-12.2,0.032442413
2000-12-29,0,-8.9,-15.6,0.034816248
2000-12-30,0,1.1,-15.6,0.039168279
2000-12-31,0.940944882,-3.3,-8.3,0.04312467
2001-01-01,0.011811024,-5.6,-9.4,0.044707227
2001-01-02,0,-5,-13.9,0.043520309
2001-01-03,0,-5,-14.4,0.043520309
2001-01-04,0,-1.7,-15.6,0.041937753
2001-01-05,0.059055118,-2.2,-15,0.040355196
2001-01-06,0.098425197,-1.7,-13.9,0.039563918
2001-01-07,0,2.2,-11.1,0.037981361
2001-01-08,0,2.2,-11.7,0.037190083
2001-01-09,0.169291339,2.2,-11.1,0.037585722
2001-01-10,0.051181102,-1.7,-16.1,0.036398804
2001-01-11,0,-1.1,-15,0.038772639
2001-01-12,0,1.1,-9.4,0.034024969
2001-01-13,0,2.2,-16.7,0.032442413
2001-01-14,0,5,-13.3,0.031651134
2001-01-15,0,4.4,-3.3,0.030068577
2001-01-16,0.169291339,-0.6,-3.9,0.029277299
2001-01-17,0,4.4,-3.3,0.028486021
2001-01-18,0,1.7,-16.1,0.028090382
2001-01-19,0,-2.2,-15.6,0.027694742
2001-01-20,0.228346457,1.1,-3.3,0.027299103
2001-01-21,0.149606299,-2.2,-8.3,0.027694742
2001-01-22,0.051181102,-3.9,-10,0.028486021
2001-01-23,0,0,-16.7,0.030464217
2001-01-24,0,3.3,-16.7,0.032442413
2001-01-25,0,3.3,-6.7,0.028486021
2001-01-26,0,2.8,-16.1,0.026903464
2001-01-27,0,1.1,-16.1,0.025320907
2001-01-28,0.011811024,1.7,-7.8,0.024529629
2001-01-29,0,-0.6,-11.1,0.023342711
2001-01-30,0,2.8,-10.6,0.027694742
2001-01-31,0.61023622,5,-4.4,0.051828732
2001-02-01,0.090551181,5,-1.1,0.049850536
2001-02-02,0,4.4,-7.8,0.040355196
2001-02-03,0.098425197,1.1,-9.4,0.037585722
2001-02-04,0,-4.4,-18.9,0.034420608
2001-02-05,0,-1.1,-18.3,0.030859856
2001-02-06,1.220472441,0,-6.1,0.034024969
2001-02-07,0.031496063,2.8,-2.8,0.036003165
2001-02-08,0,2.8,-9.4,0.032442413
2001-02-09,0.220472441,2.8,-7.2,0.036003165
2001-02-10,0.338582677,10.6,-1.7,0.043520309
2001-02-11,0,6.1,-13.9,0.06725866
2001-02-12,0,-7.8,-20,0.051433093
2001-02-13,0,-0.6,-19.4,0.043520309
2001-02-14,0,5.6,-10.6,0.039563918
2001-02-15,0.330708661,4.4,-8.9,0.051433093
2001-02-16,0,3.3,-10.6,0.043520309
2001-02-17,0.181102362,1.7,-9.4,0.037190083
2001-02-18,0,-1.7,-16.1,0.039563918
2001-02-19,0,-3.3,-17.8,0.043520309
2001-02-20,0,1.7,-15,0.039563918
2001-02-21,0,10,-1.7,0.035607526
2001-02-22,0,-1.1,-17.2,0.033233691
2001-02-23,0.118110236,-5,-17.2,0.037190083
2001-02-24,0.011811024,0.6,-12.2,0.034024969
2001-02-25,0.271653543,-0.6,-12.2,0.033233691
2001-02-26,0.681102362,4.4,-6.7,0.047476701
2001-02-27,0,2.8,-5.6,0.043520309
2001-02-28,0,2.2,-11.7,0.039563918
2001-03-01,0.011811024,-3.9,-15,0.037190083
2001-03-02,0.070866142,-3.3,-11.1,0.033233691
2001-03-03,0.149606299,-1.7,-8.9,0.030859856
2001-03-04,0.011811024,4.4,-8.9,0.029672938
2001-03-05,0.188976378,-2.2,-7.2,0.032442413
2001-03-06,1.578740157,-2.8,-6.7,0.036398804
2001-03-07,0.181102362,0,-5,0.039959557
2001-03-08,0,6.1,-12.2,0.035607526
2001-03-09,0.019685039,3.3,-7.2,0.03362933
2001-03-10,0.578740157,0.6,-2.8,0.035607526
2001-03-11,0,3.3,-5,0.034024969
2001-03-12,0.051181102,5,-10,0.033233691
2001-03-13,0.559055118,8.3,-7.8,0.037585722
2001-03-14,0.118110236,1.7,-2.8,0.049059258
2001-03-15,0.011811024,3.9,-1.1,0.045102866
2001-03-16,0,7.8,-6.7,0.04826798
2001-03-17,0,9.4,-2.8,0.05301565
2001-03-18,0.051181102,11.7,-3.3,0.061719712
2001-03-19,0,4.4,-2.8,0.053411289
2001-03-20,0,8.3,-6.7,0.056576402
2001-03-21,0,12.8,-4.4,0.071215052
2001-03-22,2.429133858,5,-1.7,0.664673817
2001-03-23,0.220472441,3.3,-1.1,0.419377528
2001-03-24,0.031496063,4.4,-0.6,0.256769826
2001-03-25,0.011811024,5.6,-5.6,0.187137331
2001-03-26,0,2.2,-11.7,0.148364691
2001-03-27,0.078740157,1.1,-12.8,0.120669949
2001-03-28,0,1.1,-8.9,0.104053104
2001-03-29,0,3.9,-10,0.094162124
2001-03-30,0.858267717,7.2,-6.7,0.140847547
2001-03-31,1.25984252,0.6,-3.3,0.151134166
2001-04-01,0.011811024,5.6,-1.1,0.128187093
2001-04-02,0,1.1,-2.2,0.104844382
2001-04-03,0,4.4,-5,0.094953402
2001-04-04,0,8.3,-5.6,0.103657464
2001-04-05,0,11.1,-3.9,0.131747846
2001-04-06,0,13.3,-3.3,0.169333568
2001-04-07,0.251968504,10.6,0,0.244505011
2001-04-08,1.039370079,10,-0.6,0.739845261
2001-04-09,0.200787402,3.3,-0.6,0.704237735
2001-04-10,0.228346457,17.2,1.1,0.997010726
2001-04-11,0,16.1,-1.1,0.680499385
2001-04-12,0.251968504,12.8,-0.6,0.668630209
2001-04-13,0.12992126,7.8,1.1,0.767540004
2001-04-14,0,15,1.7,0.779409179
2001-04-15,0,13.3,-2.2,0.589502374
2001-04-16,0,13.9,-1.1,0.506418147
2001-04-17,0,13.3,-2.2,0.411464744
2001-04-18,0,12.2,-1.7,0.347766837
2001-04-19,0,9.4,-3.9,0.292377352
2001-04-20,0,8.9,-5,0.2595393
2001-04-21,0,18.3,-3.3,0.315720063
2001-04-22,0.011811024,19.4,5.6,0.39445226
2001-04-23,0,27.8,6.1,0.352910146
2001-04-24,0,27.2,7.8,0.2595393
2001-04-25,0,28.9,2.8,0.193071918
2001-04-26,0,13.3,-2.8,0.143617021
2001-04-27,0,16.7,-3.3,0.116317918
2001-04-28,0.011811024,19.4,-0.6,0.098514155
2001-04-29,0,12.8,-3.3,0.082292949
2001-04-30,0,16.1,-1.1,0.07200633
2001-05-01,0,23.3,1.7,0.064884825
2001-05-02,0,29.4,8.9,0.056972041
2001-05-03,0,30.6,11.7,0.050246175
2001-05-04,0,30,12.8,0.045894145
2001-05-05,0,29.4,10.6,0.042333392
2001-05-06,0,19.4,0.6,0.038377
2001-05-07,0,17.8,-5.6,0.035607526
2001-05-08,0,19.4,-3.9,0.03362933
2001-05-09,0,23.3,-0.6,0.032046773
2001-05-10,0,23.3,5,0.030464217
2001-05-11,0,25.6,9.4,0.028486021
2001-05-12,0,27.8,11.1,0.027299103
2001-05-13,0,27.8,7.2,0.024925268
2001-05-14,0,16.7,0.6,0.022551433
2001-05-15,0.011811024,18.3,5,0.021364516
2001-05-16,0.011811024,16.1,6.7,0.021364516
2001-05-17,0,13.3,5,0.020968876
2001-05-18,0,17.2,6.7,0.020573237
2001-05-19,0.011811024,12.2,7.8,0.020968876
2001-05-20,0,23.3,7.8,0.01938632
2001-05-21,0,21.1,6.1,0.017803763
2001-05-22,0.468503937,20,8.3,0.036003165
2001-05-23,0.850393701,12.8,10,0.109196413
2001-05-24,1.12992126,12.8,8.9,0.170124846
2001-05-25,0.539370079,13.3,6.7,0.151529805
2001-05-26,0.141732283,16.1,7.8,0.183972217
2001-05-27,0.960629921,14.4,9.4,0.454985054
2001-05-28,0.070866142,15.6,11.7,0.220371022
2001-05-29,0.051181102,19.4,6.7,0.1444083
2001-05-30,0,19.4,4.4,0.090997011
2001-05-31,0.011811024,13.3,2.2,0.066467382
2001-06-01,0,15,0,0.051433093
2001-06-02,0.830708661,21.1,2.8,0.388517672
2001-06-03,1.818897638,16.1,10,0.89414454
2001-06-04,0.448818898,18.3,8.9,0.415421136
2001-06-05,0,17.2,8.9,0.2211623
2001-06-06,0,21.1,10.6,0.142034465
2001-06-07,0,21.7,6.7,0.10088799
2001-06-08,0,23.9,6.7,0.077545279
2001-06-09,0,24.4,7.2,0.060137155
2001-06-10,0,24.4,8.9,0.049454897
2001-06-11,0,26.1,7.2,0.046289784
2001-06-12,0.551181102,17.8,11.1,0.062906629
2001-06-13,0,24.4,10,0.048663619
2001-06-14,0,28.9,12.8,0.040355196
2001-06-15,0,30.6,14.4,0.034420608
2001-06-16,0,31.1,13.9,0.030068577
2001-06-17,0.070866142,30,18.3,0.051037454
2001-06-18,0.519685039,21.1,12.2,0.050246175
2001-06-19,0,26.1,10,0.034420608
2001-06-20,0,29.4,12.8,0.029277299
2001-06-21,0.039370079,31.1,11.7,0.030859856
2001-06-22,0,19.4,12.2,0.027694742
2001-06-23,0.019685039,25,12.8,0.030859856
2001-06-24,0.838582677,22.2,15.6,0.05776332
2001-06-25,0,25,11.1,0.036398804
2001-06-26,0,27.8,12.2,0.027694742
2001-06-27,0,31.1,13.9,0.022947072
2001-06-28,0,28.9,15.6,0.01938632
2001-06-29,0,27.2,14.4,0.017803763
2001-06-30,0,26.7,15.6,0.020968876
2001-07-01,0.598425197,30.6,17.8,0.048663619
2001-07-02,0.25984252,27.8,7.8,0.040355196
2001-07-03,0,20,5,0.026903464
2001-07-04,0,20.6,7.2,0.021760155
2001-07-05,0.098425197,24.4,12.8,0.021760155
2001-07-06,0.141732283,25.6,9.4,0.023738351
2001-07-07,0,19.4,7.2,0.020968876
2001-07-08,0.090551181,24.4,10,0.017803763
2001-07-09,0.019685039,20.6,14.4,0.017803763
2001-07-10,0,28.9,12.2,0.017408124
2001-07-11,0.948818898,28.3,10,0.028486021
2001-07-12,0.181102362,23.3,11.1,0.022947072
2001-07-13,0.011811024,20.6,6.7,0.017803763
2001-07-14,0,21.1,9.4,0.015825567
2001-07-15,0,22.8,9.4,0.01463865
2001-07-16,0,24.4,9.4,0.013056093
2001-07-17,0.24015748,25.6,11.1,0.013056093
2001-07-18,0.078740157,20.6,8.9,0.01463865
2001-07-19,0,25.6,11.7,0.012660454
2001-07-20,0,24.4,7.8,0.011473536
2001-07-21,0,27.8,9.4,0.010682258
2001-07-22,0,28.3,11.7,0.00949534
2001-07-23,0,28.3,13.9,0.008704062
2001-07-24,0,31.1,15.6,0.008308423
2001-07-25,0,32.2,18.9,0.007517144
2001-07-26,0.149606299,32.2,16.1,0.009099701
2001-07-27,0.661417323,22.2,6.1,0.01424301
2001-07-28,0,21.1,5.6,0.010286619
2001-07-29,0,23.3,7.8,0.009099701
2001-07-30,0,25.6,7.2,0.007912784
2001-07-31,0,24.4,6.7,0.007121505
2001-08-01,0.011811024,28.3,9.4,0.006330227
2001-08-02,0,29.4,11.7,0.005934588
2001-08-03,0,31.1,13.9,0.005538948
2001-08-04,0.531496063,29.4,17.8,0.007517144
2001-08-05,0.141732283,26.1,16.7,0.00949534
2001-08-06,0,29.4,14.4,0.008308423
2001-08-07,0,30.6,16.1,0.006725866
2001-08-08,0,31.7,18.3,0.005934588
2001-08-09,0,32.2,18.3,0.005143309
2001-08-10,0,33.9,21.7,0.005143309
2001-08-11,0.019685039,28.9,12.2,0.007121505
2001-08-12,0,26.7,13.3,0.006330227
2001-08-13,0.75984252,19.4,16.1,0.00949534
2001-08-14,0,27.8,13.9,0.007912784
2001-08-15,0,26.7,10,0.006725866
2001-08-16,0,27.2,10,0.005538948
2001-08-17,0,27.2,11.7,0.005143309
2001-08-18,0,25.6,14.4,0.005143309
2001-08-19,0,26.1,11.7,0.005143309
2001-08-20,0,27.8,13.3,0.004352031
2001-08-21,0.031496063,22.2,13.9,0.00474767
2001-08-22,0,26.7,13.3,0.005143309
2001-08-23,0,27.2,9.4,0.004352031
2001-08-24,0,26.7,11.1,0.0038377
2001-08-25,0,27.2,8.3,0.00363988
2001-08-26,0,25.6,9.4,0.003362933
2001-08-27,0,26.1,11.1,0.003244241
2001-08-28,0,25.6,12.2,0.003244241
2001-08-29,0,28.9,12.8,0.003125549
2001-08-30,0,25,7.2,0.003046422
2001-08-31,0,26.7,8.3,0.00292773
2001-09-01,0.429133858,27.8,17.2,0.003560753
2001-09-02,0,22.8,3.3,0.004352031
2001-09-03,0,21.7,4.4,0.0038377
2001-09-04,0,24.4,7.2,0.003679444
2001-09-05,0.090551181,22.8,10.6,0.005143309
2001-09-06,0,21.7,3.9,0.003877264
2001-09-07,0,25,4.4,0.003283805
2001-09-08,0,28.9,8.9,0.00292773
2001-09-09,0,30,11.7,0.002769474
2001-09-10,0,29.4,12.2,0.002809038
2001-09-11,0.811023622,25.6,9.4,0.003798136
2001-09-12,0,22.8,6.7,0.005538948
2001-09-13,0,24.4,7.2,0.004352031
2001-09-14,0.570866142,26.1,8.3,0.005934588
2001-09-15,0.149606299,15.6,2.2,0.009099701
2001-09-16,0,19.4,1.7,0.006330227
2001-09-17,0,21.7,2.2,0.00474767
2001-09-18,0,24.4,5,0.003956392
2001-09-19,0,24.4,7.8,0.003679444
2001-09-20,0,22.2,10,0.00474767
2001-09-21,2.570866142,17.8,15,0.09139265
2001-09-22,0.070866142,21.7,16.1,0.034024969
2001-09-23,0,24.4,10,0.018199402
2001-09-24,0,23.3,8.9,0.012264814
2001-09-25,0.830708661,21.7,11.7,0.146782135
2001-09-26,1.200787402,21.7,5,0.090205732
2001-09-27,0,16.7,2.2,0.036794443
2001-09-28,0,15.6,2.8,0.024925268
2001-09-29,0.031496063,15.6,6.1,0.018199402
2001-09-30,0,15.6,3.3,0.015429928
2001-10-01,0,13.3,3.9,0.012660454
2001-10-02,0,18.9,5.6,0.012660454
2001-10-03,0,20,6.1,0.011473536
2001-10-04,0,25,7.2,0.010286619
2001-10-05,0,25.6,10,0.00949534
2001-10-06,0,24.4,9.4,0.009099701
2001-10-07,0.251968504,17.8,0.6,0.009890979
2001-10-08,0.031496063,10,-2.2,0.010286619
2001-10-09,0,9.4,-2.2,0.00949534
2001-10-10,0,15.6,-1.7,0.008308423
2001-10-11,0,22.2,2.8,0.008308423
2001-10-12,0,24.4,2.8,0.007912784
2001-10-13,0,24.4,6.1,0.007517144
2001-10-14,0,22.8,10,0.007517144
2001-10-15,0.480314961,12.8,10,0.009890979
2001-10-16,0,18.3,0,0.01463865
2001-10-17,0.098425197,17.2,0.6,0.011869175
2001-10-18,0.019685039,11.7,2.2,0.011077897
2001-10-19,0,11.1,-3.9,0.010286619
2001-10-20,0,16.7,-3.3,0.009099701
2001-10-21,0,17.2,0,0.008704062
2001-10-22,0,21.1,0.6,0.009099701
2001-10-23,0,18.3,0,0.007912784
2001-10-24,0.039370079,16.7,5.6,0.007912784
2001-10-25,0.019685039,23.9,12.8,0.008308423
2001-10-26,0,21.7,1.7,0.008308423
2001-10-27,0,11.7,1.1,0.007912784
2001-10-28,0,7.8,0,0.007912784
2001-10-29,0,8.3,-5.6,0.007517144
2001-10-30,0,13.3,-4.4,0.007517144
2001-10-31,0,11.7,-7.8,0.008704062
2001-11-01,0.141732283,7.8,-5.6,0.007912784
2001-11-02,0,17.8,5,0.009099701
2001-11-03,0.188976378,21.1,11.7,0.009890979
2001-11-04,0,17.2,2.2,0.012264814
2001-11-05,0.031496063,11.7,1.7,0.010682258
2001-11-06,0.019685039,5.6,1.7,0.010682258
2001-11-07,0,8.9,1.7,0.011473536
2001-11-08,0,12.2,-5,0.018199402
2001-11-09,0.039370079,12.8,-4.4,0.017408124
2001-11-10,0,6.1,-3.9,0.017012485
2001-11-11,0,8.3,-2.8,0.016221206
2001-11-12,0.011811024,5.6,-3.9,0.015825567
2001-11-13,0,5,-7.8,0.015034289
2001-11-14,0,8.9,-6.1,0.01424301
2001-11-15,0.031496063,13.9,-1.1,0.013847371
2001-11-16,0.019685039,15.6,3.9,0.009890979
2001-11-17,0,17.8,-5,0.009099701
2001-11-18,0,6.7,-5,0.008308423
2001-11-19,0,16.7,-4.4,0.008308423
2001-11-20,0.141732283,16.7,-1.7,0.008704062
2001-11-21,0,7.2,-6.7,0.011473536
2001-11-22,0,5,-6.7,0.010682258
2001-11-23,0,11.1,-3.9,0.009890979
2001-11-24,0,9.4,-3.3,0.009890979
2001-11-25,0.251968504,10.6,2.8,0.011869175
2001-11-26,0.37007874,13.9,5.6,0.016616845
2001-11-27,0,13.3,0,0.016221206
2001-11-28,0,10,0,0.015034289
2001-11-29,0.208661417,15.6,1.1,0.01463865
2001-11-30,0.161417323,9.4,0.6,0.018595041
2001-12-01,0.208661417,16.7,7.8,0.023342711
2001-12-02,0,16.7,4.4,0.021760155
2001-12-03,0,7.8,-5,0.017408124
2001-12-04,0,11.1,-5,0.016221206
2001-12-05,0,12.8,-2.2,0.01463865
2001-12-06,0,17.2,6.7,0.013847371
2001-12-07,0,20.6,0.6,0.012660454
2001-12-08,0,10.6,-5,0.011869175
2001-12-09,0.649606299,2.8,-4.4,0.013451732
2001-12-10,0.019685039,3.9,-11.7,0.013451732
2001-12-11,0,4.4,-11.7,0.013451732
2001-12-12,0,9.4,-3.3,0.013451732
2001-12-13,0.051181102,3.3,-3.3,0.01463865
2001-12-14,0.11023622,9.4,0.6,0.022551433
2001-12-15,0.468503937,8.9,1.7,0.050641815
2001-12-16,0,2.2,-6.7,0.035211887
2001-12-17,0,3.9,-6.1,0.027694742
2001-12-18,1.311023622,1.1,-3.3,0.145595217
2001-12-19,0.011811024,1.7,0,0.099305433
2001-12-20,0,3.9,-4.4,0.065280464
2001-12-21,0.078740157,4.4,-1.7,0.058158959
2001-12-22,0,0,-7.2,0.045498505
2001-12-23,0,0,-11.7,0.036398804
2001-12-24,0.358267717,5.6,-11.7,0.062115351
2001-12-25,0,4.4,-7.2,0.064093547
2001-12-26,0,0,-10,0.042729031
2001-12-27,0,1.7,-10.6,0.030464217
2001-12-28,0,-2.8,-12.2,0.027694742
2001-12-29,0.011811024,0,-12.2,0.022551433
2001-12-30,0,-0.6,-10.6,0.01938632
2001-12-31,0,-2.2,-11.1,0.017408124
2002-01-01,0,-2.8,-11.1,0.016221206
2002-01-02,0,-2.8,-9.4,0.016616845
2002-01-03,0,-2.2,-7.8,0.018199402
2002-01-04,0,1.1,-10,0.018595041
2002-01-05,0,-1.1,-9.4,0.017803763
2002-01-06,0,1.7,-6.1,0.018595041
2002-01-07,0.440944882,5,-6.1,0.01938632
2002-01-08,0.181102362,0,-11.1,0.018595041
2002-01-09,0,-2.2,-11.1,0.018595041
2002-01-10,0,5,-6.7,0.01938632
2002-01-11,0,5.6,-2.2,0.020573237
2002-01-12,0.078740157,2.8,-1.1,0.021760155
2002-01-13,0.011811024,3.9,-3.3,0.020177598
2002-01-14,0.051181102,2.2,-5,0.01938632
2002-01-15,0,2.2,-5.6,0.018199402
2002-01-16,0.070866142,1.7,-2.8,0.018595041
2002-01-17,0.019685039,1.1,-5.6,0.018595041
2002-01-18,0.039370079,3.9,-7.2,0.015429928
2002-01-19,0,0.6,-12.8,0.01424301
2002-01-20,0.161417323,-3.3,-14.4,0.015429928
2002-01-21,0,0.6,-12.8,0.017012485
2002-01-22,0.090551181,0.6,-10,0.018595041
2002-01-23,0.011811024,3.3,-7.8,0.017408124
2002-01-24,0,10,-5,0.020177598
2002-01-25,0.118110236,8.3,-1.1,0.034816248
2002-01-26,0,2.8,-5.6,0.028486021
2002-01-27,0,8.3,-4.4,0.024529629
2002-01-28,0,12.2,-3.3,0.022947072
2002-01-29,0,12.8,-1.7,0.029672938
2002-01-30,0.11023622,13.9,0,0.055389485
2002-01-31,0,8.3,-2.2,0.064489186
2002-02-01,0.480314961,-1.7,-5,0.049850536
2002-02-02,0.38976378,2.8,-8.9,0.071215052
2002-02-03,0,-3.3,-11.7,0.044707227
2002-02-04,0,2.2,-11.1,0.03362933
2002-02-05,0,4.4,-13.9,0.026112186
2002-02-06,0.011811024,-3.3,-13.9,0.026112186
2002-02-07,0,0.6,-8.9,0.022551433
2002-02-08,0,5.6,-7.2,0.020968876
2002-02-09,0,5.6,-6.7,0.01899068
2002-02-10,0,5.6,-9.4,0.022551433
2002-02-11,0.649606299,8.9,-3.9,0.065676103
2002-02-12,0,2.8,-13.3,0.046685423
2002-02-13,0.011811024,1.7,-12.2,0.032838052
2002-02-14,0,-2.2,-13.9,0.026507825
2002-02-15,0,2.2,-13.9,0.026507825
2002-02-16,0,5.6,-3.3,0.022551433
2002-02-17,0.070866142,10.6,-2.2,0.023738351
2002-02-18,0.181102362,2.8,-7.2,0.022155794
2002-02-19,0,3.9,-8.9,0.022947072
2002-02-20,0,10,-8.9,0.026903464
2002-02-21,0.409448819,7.8,-0.6,0.071610691
2002-02-22,0,13.3,-0.6,0.079127835
2002-02-23,0,4.4,-4.4,0.056180763
2002-02-24,0,4.4,-9.4,0.046289784
2002-02-25,0,7.8,-8.9,0.044707227
2002-02-26,0,12.2,-3.9,0.041937753
2002-02-27,0,15,0.6,0.04787234
2002-02-28,0.169291339,1.7,-10,0.041146474
2002-03-01,0,-0.6,-13.3,0.034420608
2002-03-02,0,3.3,-12.8,0.033233691
2002-03-03,0.779527559,5,-8.3,0.112757165
2002-03-04,0.011811024,13.9,-5.6,0.11077897
2002-03-05,0,-1.1,-11.1,0.061719712
2002-03-06,0,-2.2,-10.6,0.05301565
2002-03-07,0.011811024,10,-3.9,0.04787234
2002-03-08,0,13.9,-3.3,0.044707227
2002-03-09,0,12.2,-0.6,0.043520309
2002-03-10,0.551181102,16.1,0,0.090997011
2002-03-11,0.011811024,2.8,-7.2,0.071610691
2002-03-12,0,0.6,-6.7,0.055389485
2002-03-13,0.051181102,2.2,-5.6,0.049454897
2002-03-14,0.019685039,4.4,-3.3,0.048663619
2002-03-15,0,14.4,-1.7,0.04787234
2002-03-16,0.181102362,10,2.2,0.054598206
2002-03-17,0.031496063,10,-8.9,0.058158959
2002-03-18,0.200787402,7.2,-5,0.051037454
2002-03-19,0.338582677,-1.1,-3.3,0.04787234
2002-03-20,0,6.1,-1.7,0.04826798
2002-03-21,0.881889764,0.6,-3.9,0.052224371
2002-03-22,0.051181102,8.9,-13.3,0.052224371
2002-03-23,0.011811024,-2.8,-13.3,0.046289784
2002-03-24,0,2.8,-8.3,0.044311588
2002-03-25,0,6.7,-2.2,0.044707227
2002-03-26,0.019685039,6.1,-2.2,0.045102866
2002-03-27,0.74015748,2.2,-1.7,0.127000176
2002-03-28,0,3.9,-3.3,0.127000176
2002-03-29,0,8.3,-5.6,0.123835062
2002-03-30,0.181102362,13.9,-2.2,0.216018991
2002-03-31,0,15.6,1.1,0.203754176
2002-04-01,0.409448819,15.6,3.3,0.234218393
2002-04-02,0.011811024,10.6,-1.1,0.164585898
2002-04-03,0.011811024,10.6,0.6,0.132934763
2002-04-04,0.220472441,19.4,-1.1,0.145990856
2002-04-05,0,5.6,-7.8,0.109196413
2002-04-06,0,3.3,-3.9,0.091788289
2002-04-07,0,4.4,-10,0.077545279
2002-04-08,0,6.7,-9.4,0.070423774
2002-04-09,0.011811024,12.8,0.6,0.066071743
2002-04-10,0.220472441,22.2,4.4,0.105240021
2002-04-11,0,15.6,-1.1,0.084271145
2002-04-12,0,15.6,-3.3,0.07200633
2002-04-13,0,18.3,-1.7,0.06725866
2002-04-14,0.299212598,20,10.6,0.098514155
2002-04-15,0.551181102,21.7,10.6,0.157464392
2002-04-16,0.039370079,22.8,10,0.137286794
2002-04-17,0,30,13.3,0.09614032
2002-04-18,0.011811024,31.7,15,0.079127835
2002-04-19,0,29.4,11.7,0.070819413
2002-04-20,0.019685039,26.1,10.6,0.077545279
2002-04-21,0.031496063,15,-0.6,0.063697908
2002-04-22,0,11.7,-0.6,0.056972041
2002-04-23,0.291338583,2.2,-1.1,0.06725866
2002-04-24,0,8.3,-2.8,0.058950237
2002-04-25,0,15,-2.8,0.054598206
2002-04-26,0.578740157,11.1,-1.7,0.092579567
2002-04-27,0.019685039,7.8,-4.4,0.075171444
2002-04-28,0.059055118,12.2,-1.1,0.092579567
2002-04-29,0.62992126,5,0.6,0.17328996
2002-04-30,0.220472441,4.4,-0.6,0.147573413
2002-05-01,0.118110236,10,-1.1,0.145990856
2002-05-02,0.039370079,12.8,0,0.132539124
2002-05-03,0.358267717,8.9,3.3,0.140056269
2002-05-04,0,10,1.7,0.098909794
2002-05-05,0,17.2,0.6,0.080710392
2002-05-06,0,21.1,2.8,0.068445578
2002-05-07,0,24.4,5.6,0.060928433
2002-05-08,0,23.3,8.3,0.054598206
2002-05-09,0.011811024,20.6,6.7,0.049059258
2002-05-10,0.051181102,11.7,6.7,0.04826798
2002-05-11,0,21.1,2.2,0.042333392
2002-05-12,0,16.1,4.4,0.043915949
2002-05-13,0.728346457,9.4,5,0.367153156
2002-05-14,2.011811024,7.2,2.8,0.617197116
2002-05-15,0.299212598,13.3,1.7,0.280903816
2002-05-16,0,15,0,0.163794619
2002-05-17,0.098425197,23.3,7.2,0.131747846
2002-05-18,0.590551181,17.8,0,0.268639001
2002-05-19,0.440944882,6.7,-2.8,0.285255847
2002-05-20,0,11.1,-3.9,0.174872516
2002-05-21,0,11.7,-1.1,0.131747846
2002-05-22,0.019685039,13.9,1.7,0.108800774
2002-05-23,0,18.3,0,0.089810093
2002-05-24,0,23.9,3.3,0.076754
2002-05-25,0.031496063,26.1,3.3,0.067654299
2002-05-26,0.019685039,20,5,0.060532794
2002-05-27,0.011811024,16.7,8.3,0.05776332
2002-05-28,0,25,11.7,0.052224371
2002-05-29,1.811023622,23.9,11.1,0.049059258
2002-05-30,0.011811024,23.3,12.8,0.045894145
2002-05-31,0.019685039,26.7,14.4,0.047476701
2002-06-01,0.460629921,26.7,11.1,0.073984526
2002-06-02,0.11023622,26.7,11.7,0.04787234
2002-06-03,0,19.4,2.8,0.039168279
2002-06-04,0,18.9,1.1,0.032442413
2002-06-05,0.078740157,21.1,4.4,0.032442413
2002-06-06,1.011811024,26.1,15,0.165377176
2002-06-07,1.141732283,18.9,10.6,0.391682785
2002-06-08,0.011811024,17.8,3.3,0.166168454
2002-06-09,0,21.7,5.6,0.09614032
2002-06-10,0,25,10,0.070819413
2002-06-11,0,24.4,8.9,0.056180763
2002-06-12,0,30,13.9,0.051828732
2002-06-13,0.409448819,20,9.4,0.065676103
2002-06-14,0,17.8,10,0.055389485
2002-06-15,0.149606299,16.1,10,0.068841217
2002-06-16,0.338582677,11.7,7.2,0.104448743
2002-06-17,0.688976378,16.7,7.2,0.15390364
2002-06-18,0.161417323,21.1,7.8,0.08664498
2002-06-19,0.011811024,22.8,10.6,0.063697908
2002-06-20,0,25,8.9,0.051433093
2002-06-21,0,26.7,10.6,0.042333392
2002-06-22,0,28.3,12.8,0.036398804
2002-06-23,0.188976378,28.3,15.6,0.038377
2002-06-24,0.11023622,28.9,17.2,0.041937753
2002-06-25,0,26.7,7.2,0.031255495
2002-06-26,0,27.8,10,0.025716547
2002-06-27,0,31.1,16.7,0.02413399
2002-06-28,0.480314961,30,17.8,0.031255495
2002-06-29,0.019685039,26.7,13.9,0.025716547
2002-06-30,0,27.8,11.1,0.021364516
2002-07-01,0,28.9,13.3,0.018595041
2002-07-02,0,29.4,17.8,0.016616845
2002-07-03,0,31.7,19.4,0.015429928
2002-07-04,0,32.2,19.4,0.013847371
2002-07-05,0.011811024,32.2,16.7,0.012660454
2002-07-06,0,22.8,12.2,0.011869175
2002-07-07,0,25,14.4,0.010682258
2002-07-08,0,24.4,12.8,0.010682258
2002-07-09,0,30,15.6,0.010286619
2002-07-10,0.271653543,28.9,15,0.010682258
2002-07-11,0,22.8,6.1,0.00949534
2002-07-12,0,21.1,5.6,0.008308423
2002-07-13,0,25,7.8,0.007912784
2002-07-14,0,27.8,11.1,0.007517144
2002-07-15,0,27.2,13.9,0.007121505
2002-07-16,0.019685039,28.3,11.7,0.006725866
2002-07-17,0,25,9.4,0.006330227
2002-07-18,0,30,12.2,0.006330227
2002-07-19,1.12992126,30.6,18.3,0.013847371
2002-07-20,2.291338583,27.2,15.6,0.037585722
2002-07-21,0,27.2,13.3,0.017408124
2002-07-22,0,27.8,15,0.012264814
2002-07-23,0,31.1,16.7,0.017012485
2002-07-24,0.62992126,31.7,12.2,0.02888166
2002-07-25,0,22.8,7.2,0.016221206
2002-07-26,0,23.9,8.3,0.012264814
2002-07-27,0.011811024,21.1,10.6,0.010286619
2002-07-28,0,22.8,14.4,0.009890979
2002-07-29,0.039370079,22.8,17.8,0.010286619
2002-07-30,0,30.6,17.2,0.009890979
2002-07-31,0,29.4,15.6,0.008308423
2002-08-01,0,30.6,16.7,0.007517144
2002-08-02,0.011811024,32.2,15.6,0.007121505
2002-08-03,0.720472441,31.1,15,0.010286619
2002-08-04,0,31.1,13.9,0.009099701
2002-08-05,0.011811024,31.1,15.6,0.007912784
2002-08-06,0,29.4,14.4,0.007121505
2002-08-07,0,20.6,11.7,0.006330227
2002-08-08,0,23.9,8.9,0.005538948
2002-08-09,0,24.4,8.3,0.005143309
2002-08-10,0,26.7,10.6,0.00474767
2002-08-11,0,28.3,12.2,0.004352031
2002-08-12,0,31.7,13.3,0.003956392
2002-08-13,0,32.2,15,0.003916828
2002-08-14,0.141732283,33.3,16.7,0.003758572
2002-08-15,0,33.3,15,0.003560753
2002-08-16,0,31.7,16.7,0.003402497
2002-08-17,0,31.1,18.3,0.003165113
2002-08-18,0,30.6,17.2,0.00292773
2002-08-19,0,32.2,12.2,0.002809038
2002-08-20,0.200787402,30,13.3,0.003046422
2002-08-21,0,25.6,9.4,0.003165113
2002-08-22,0,26.7,10,0.003085986
2002-08-23,0.098425197,25.6,17.8,0.003244241
2002-08-24,0,22.2,10,0.0038377
2002-08-25,0.24015748,15.6,10,0.004352031
2002-08-26,0,25.6,9.4,0.004352031
2002-08-27,0,26.7,10,0.003758572
2002-08-28,0,28.3,11.1,0.003204677
2002-08-29,0.019685039,21.7,11.7,0.007912784
2002-08-30,2.039370079,13.9,11.7,0.021760155
2002-08-31,0,24.4,11.7,0.011473536
2002-09-01,0,18.3,6.7,0.008308423
2002-09-02,0.039370079,16.7,7.2,0.007912784
2002-09-03,0.051181102,18.3,12.2,0.006725866
2002-09-04,0.11023622,26.7,15,0.006330227
2002-09-05,0,26.1,11.7,0.005934588
2002-09-06,0,22.2,4.4,0.005143309
2002-09-07,0,25.6,5.6,0.00474767
2002-09-08,0,27.2,7.8,0.003956392
2002-09-09,0,30,10,0.003916828
2002-09-10,0,32.8,13.3,0.003600317
2002-09-11,0,31.1,14.4,0.003283805
2002-09-12,0.011811024,21.7,2.8,0.002967294
2002-09-13,0,18.9,4.4,0.002809038
2002-09-14,0,25,6.7,0.002769474
2002-09-15,0.011811024,27.8,10,0.002888166
2002-09-16,1.279527559,22.8,18.3,0.011077897
2002-09-17,0.019685039,25.6,7.8,0.012660454
2002-09-18,0,23.9,7.2,0.007912784
2002-09-19,0,25,8.3,0.006330227
2002-09-20,0,25,8.9,0.005934588
2002-09-21,0,25.6,13.9,0.005143309
2002-09-22,0.011811024,26.7,17.2,0.004352031
2002-09-23,0.039370079,26.1,15,0.004352031
2002-09-24,0,20.6,6.7,0.003956392
2002-09-25,0,22.8,5,0.004352031
2002-09-26,0,21.7,5.6,0.005538948
2002-09-27,0.62992126,14.4,10,0.00949534
2002-09-28,1.011811024,20,10.6,0.027694742
2002-09-29,0,20.6,1.1,0.017803763
2002-09-30,0,18.9,1.1,0.011473536
2002-10-01,0,22.2,7.2,0.009099701
2002-10-02,0,26.1,10.6,0.008308423
2002-10-03,0.271653543,27.2,13.3,0.007517144
2002-10-04,0.011811024,18.3,8.9,0.007912784
2002-10-05,0.291338583,20.6,8.9,0.00949534
2002-10-06,0,25,2.2,0.008308423
2002-10-07,0,17.2,2.2,0.007121505
2002-10-08,0.011811024,20,0,0.006330227
2002-10-09,0,14.4,0,0.005934588
2002-10-10,0,13.3,0.6,0.005934588
2002-10-11,0.251968504,13.3,8.3,0.007121505
2002-10-12,1.830708661,11.7,8.3,0.111570248
2002-10-13,1.149606299,11.7,8.3,0.089810093
2002-10-14,0.078740157,13.3,1.7,0.04312467
2002-10-15,0,10,-4.4,0.025716547
2002-10-16,0,10,-4.4,0.039563918
2002-10-17,1.169291339,9.4,4.4,0.11552664
2002-10-18,0.141732283,13.9,2.2,0.055389485
2002-10-19,0,10,-1.7,0.035607526
2002-10-20,0.011811024,12.2,3.9,0.026507825
2002-10-21,0,11.7,-2.8,0.021760155
2002-10-22,0,11.1,-5.6,0.01899068
2002-10-23,0.200787402,7.2,-3.9,0.01938632
2002-10-24,0.011811024,6.7,-6.1,0.018595041
2002-10-25,0,9.4,-6.1,0.017012485
2002-10-26,0.401574803,8.9,-5,0.028090382
2002-10-27,0.251968504,7.8,0.6,0.039168279
2002-10-28,0,13.3,-0.6,0.028486021
2002-10-29,0,8.9,-5.6,0.023342711
2002-10-30,0,6.1,-3.9,0.020573237
2002-10-31,0,5,-5.6,0.018595041
2002-11-01,0,9.4,-5.6,0.017408124
2002-11-02,0.070866142,7.8,-7.8,0.016616845
2002-11-03,0.019685039,2.2,-6.7,0.015825567
2002-11-04,0,2.2,-5,0.015825567
2002-11-05,0.220472441,6.1,-3.9,0.017408124
2002-11-06,0.779527559,7.8,-3.3,0.030068577
2002-11-07,0.118110236,5.6,-1.7,0.05301565
2002-11-08,0,2.8,-6.7,0.037981361
2002-11-09,0,13.9,-6.7,0.036794443
2002-11-10,0,16.7,1.1,0.03362933
2002-11-11,0.019685039,18.9,7.2,0.030859856
2002-11-12,0.118110236,18.9,2.8,0.039168279
2002-11-13,0.909448819,9.4,5,0.138078073
2002-11-14,0.070866142,7.2,-2.8,0.089414454
2002-11-15,0,10,-2.8,0.062115351
2002-11-16,0.019685039,15,-1.7,0.049850536
2002-11-17,1.791338583,0.6,-3.3,0.208897485
2002-11-18,1.11023622,1.7,-1.7,0.352118868
2002-11-19,0.011811024,1.7,-3.3,0.16339898
2002-11-20,0.031496063,2.2,-3.3,0.135704238
2002-11-21,0,12.2,-3.3,0.136099877
2002-11-22,0.531496063,6.1,-2.2,0.323237208
2002-11-23,0.531496063,5.6,-3.3,0.439159487
2002-11-24,0.011811024,1.7,-3.3,0.206128011
2002-11-25,0,4.4,-1.7,0.1444083
2002-11-26,0.011811024,2.8,-3.3,0.117900475
2002-11-27,0.279527559,5,-3.9,0.10563566
2002-11-28,0.019685039,1.7,-15,0.085853701
2002-11-29,0,-2.2,-13.9,0.076754
2002-11-30,0.12992126,1.7,-6.7,0.071610691
2002-12-01,0.031496063,7.2,-5,0.068841217
2002-12-02,0,-3.3,-12.2,0.059741516
2002-12-03,0.070866142,1.7,-15,0.049850536
2002-12-04,0,-8.3,-15,0.040750835
2002-12-05,0,-3.3,-11.7,0.045498505
2002-12-06,0.271653543,-5,-8.3,0.049850536
2002-12-07,0,-0.6,-16.7,0.044311588
2002-12-08,0,1.1,-15.6,0.045498505
2002-12-09,0,2.8,-17.2,0.037190083
2002-12-10,0,-5.6,-17.2,0.038377
2002-12-11,0,1.1,-15,0.035607526
2002-12-12,1.118110236,1.7,-7.2,0.04787234
2002-12-13,0,5.6,-5.6,0.048663619
2002-12-14,0.618110236,6.7,-5.6,0.155486197
2002-12-15,0.318897638,3.9,0.6,0.203754176
2002-12-16,0.059055118,2.8,-1.1,0.121856867
2002-12-17,0.051181102,0.6,-10.6,0.085853701
2002-12-18,0,-2.2,-14.4,0.062906629
2002-12-19,0,5.6,-14.4,0.06725866
2002-12-20,0.051181102,7.8,-10,0.156277475
2002-12-21,0.318897638,10.6,-2.2,0.259934939
2002-12-22,0,3.9,-3.9,0.147969052
2002-12-23,0,6.1,-0.6,0.112361526
2002-12-24,0.011811024,1.7,-3.9,0.092183928
2002-12-25,0.019685039,0,-6.1,0.062115351
2002-12-26,1.318897638,-2.2,-6.1,0.062906629
2002-12-27,0,-0.6,-6.1,0.065280464
2002-12-28,0,1.1,-8.3,0.066863021
2002-12-29,0,-1.1,-5,0.061719712
2002-12-30,0,3.3,-10,0.056576402
2002-12-31,0.149606299,0,-10.6,0.05776332
2003-01-01,0.051181102,5.6,-2.2,0.079919114
2003-01-02,1.330708661,2.8,-5,0.147177774
2003-01-03,0.039370079,-2.2,-8.9,0.101679269
2003-01-04,1.381889764,-3.9,-7.8,0.098909794
2003-01-05,0.169291339,-0.6,-6.7,0.085062423
2003-01-06,0.118110236,-3.3,-15,0.075171444
2003-01-07,0.070866142,-1.7,-10,0.067654299
2003-01-08,0.039370079,-5,-15.6,0.06725866
2003-01-09,0.12992126,2.2,-6.7,0.068049938
2003-01-10,0.039370079,2.2,-3.3,0.054598206
2003-01-11,0,-0.6,-16.1,0.04787234
2003-01-12,0,-4.4,-10,0.040750835
2003-01-13,0,-2.8,-16.1,0.040750835
2003-01-14,0.011811024,-2.8,-14.4,0.041542114
2003-01-15,0,-6.7,-15,0.041542114
2003-01-16,0,-6.1,-13.9,0.042333392
2003-01-17,0.019685039,-5.6,-11.7,0.038377
2003-01-18,0,-2.2,-23.9,0.036398804
2003-01-19,0,-5.6,-24.4,0.037585722
2003-01-20,0.019685039,-6.7,-22.2,0.038377
2003-01-21,0,-6.1,-17.8,0.036398804
2003-01-22,0,-10.6,-20,0.036794443
2003-01-23,0,-10.85,-19.4,0.037585722
2003-01-24,0,-11.1,-20.6,0.034024969
2003-01-25,0,-8.3,-19.4,0.035211887
2003-01-26,0,-3.9,-15,0.034024969
2003-01-27,0.059055118,-3.9,-16.1,0.034024969
2003-01-28,0,-11.7,-23.9,0.034024969
2003-01-29,0,-6.1,-19.4,0.032046773
2003-01-30,0.011811024,-1.1,-18.9,0.030859856
2003-01-31,0,0.6,-19.4,0.029672938
2003-02-01,0.031496063,1.1,-5,0.030464217
2003-02-02,0.051181102,2.2,-2.2,0.031255495
2003-02-03,0,2.8,-2.8,0.026112186
2003-02-04,0.090551181,4.4,-2.8,0.025320907
2003-02-05,0.37007874,3.3,-6.7,0.033233691
2003-02-06,0,-4.4,-15.6,0.028486021
2003-02-07,0.078740157,-2.2,-16.1,0.029672938
2003-02-08,0.149606299,-2.2,-16.7,0.031255495
2003-02-09,0,-3.3,-15,0.026903464
2003-02-10,0,-0.6,-12.8,0.025716547
2003-02-11,0.12992126,0.6,-16.1,0.024529629
2003-02-12,0.031496063,-10.6,-20.6,0.025320907
2003-02-13,0.019685039,-3.9,-21.7,0.02413399
2003-02-14,0,-10,-18.3,0.023738351
2003-02-15,0,-8.3,-17.8,0.021760155
2003-02-16,0,-9.4,-21.1,0.020968876
2003-02-17,0,-8.3,-19.4,0.019781959
2003-02-18,1.429133858,-7.2,-12.8,0.022155794
2003-02-19,0.039370079,-1.7,-10.6,0.02413399
2003-02-20,0,7.8,-6.1,0.022947072
2003-02-21,0,7.2,-6.7,0.020177598
2003-02-22,0,11.7,-4.4,0.031651134
2003-02-23,1.311023622,2.2,-0.6,0.097327238
2003-02-24,0.141732283,2.8,-10,0.111570248
2003-02-25,0.011811024,-0.6,-11.7,0.088227536
2003-02-26,0,-7.2,-23.9,0.071610691
2003-02-27,0,-2.8,-23.9,0.061324072
2003-02-28,0,0.6,-20.6,0.053411289
2003-03-01,0,3.9,-13.9,0.049850536
2003-03-02,0.090551181,3.9,-6.7,0.061719712
2003-03-03,0.618110236,3.9,-18.9,0.097722877
2003-03-04,0,-11.1,-22.8,0.075171444
2003-03-05,0,1.1,-20.6,0.070423774
2003-03-06,0.098425197,6.7,-5.6,0.070819413
2003-03-07,0.311023622,1.1,-25,0.063697908
2003-03-08,0,1.1,-24.4,0.060137155
2003-03-09,0,8.9,-8.9,0.057367681
2003-03-10,0,4.4,-17.8,0.055389485
2003-03-11,0,-6.1,-16.7,0.053411289
2003-03-12,0,1.1,-15.6,0.049454897
2003-03-13,0,8.3,-2.8,0.048663619
2003-03-14,0.330708661,0.6,-16.7,0.049059258
2003-03-15,0,-0.6,-11.7,0.045894145
2003-03-16,0,8.3,-6.1,0.054598206
2003-03-17,0,19.4,-3.9,0.124626341
2003-03-18,0,21.7,1.1,0.330754352
2003-03-19,0,17.8,-5.6,0.330358713
2003-03-20,0,6.7,-6.1,0.213249516
2003-03-21,0.948818898,5,-3.3,0.64884825
2003-03-22,0,18.9,2.2,0.771496395
2003-03-23,0.011811024,14.4,1.1,0.526200106
2003-03-24,0,6.7,-2.2,0.407508352
2003-03-25,0,14.4,-2.8,0.44707227
2003-03-26,0,17.2,-0.6,0.474767012
2003-03-27,0.181102362,13.9,-0.6,0.462897837
2003-03-28,0,11.7,-2.2,0.386143837
2003-03-29,0.011811024,16.1,0.6,0.518287322
2003-03-30,0.539370079,17.2,2.2,0.656761034
2003-03-31,0.311023622,2.8,-5,0.368735713
2003-04-01,0.070866142,0.6,-7.8,0.25479163
2003-04-02,0.078740157,2.2,-6.1,0.204941094
2003-04-03,0.279527559,7.8,-0.6,0.255187269
2003-04-04,0.330708661,2.8,-2.2,0.258748022
2003-04-05,0.551181102,-1.7,-5.6,0.195050114
2003-04-06,0.220472441,0.6,-6.1,0.15865131
2003-04-07,0,0.6,-7.8,0.134121681
2003-04-08,0.311023622,0,-6.7,0.121856867
2003-04-09,0.019685039,0,-5,0.109987691
2003-04-10,0,1.1,-2.8,0.111570248
2003-04-11,0,12.8,-2.2,0.151925444
2003-04-12,0.618110236,5,-0.6,0.266265166
2003-04-13,0,16.7,0.6,0.250439599
2003-04-14,0,12.8,-5,0.189906805
2003-04-15,0,16.7,-2.8,0.177246351
2003-04-16,0,27.8,6.1,0.186741692
2003-04-17,0,26.7,-2.2,0.146386496
2003-04-18,0,8.9,-3.3,0.115922279
2003-04-19,0,8.9,-2.8,0.10088799
2003-04-20,0,17.8,-1.1,0.088623176
2003-04-21,0,20.6,0.6,0.079127835
2003-04-22,0.011811024,20.6,3.3,0.078732196
2003-04-23,0.228346457,9.4,2.8,0.080710392
2003-04-24,0,7.2,-0.6,0.070423774
2003-04-25,0,10.6,-3.3,0.063697908
2003-04-26,0.118110236,17.8,0,0.083479866
2003-04-27,0.551181102,10,5,0.127791454
2003-04-28,0,18.9,2.8,0.089414454
2003-04-29,0,25,5.6,0.07200633
2003-04-30,0,21.7,1.7,0.063302268
2003-05-01,0,18.9,4.4,0.060532794
2003-05-02,0.251968504,20.6,6.7,0.08150167
2003-05-03,0.401574803,25,4.4,0.123835062
2003-05-04,0,16.7,0,0.082292949
2003-05-05,0,17.8,0,0.068049938
2003-05-06,0.051181102,18.9,2.8,0.065280464
2003-05-07,0,11.7,3.3,0.061719712
2003-05-08,0.24015748,22.2,8.9,0.068841217
2003-05-09,0.12992126,10.6,7.2,0.075962722
2003-05-10,0,18.9,1.1,0.064093547
2003-05-11,0,22.2,4.4,0.058554598
2003-05-12,1.220472441,18.9,6.1,0.229075084
2003-05-13,0.141732283,13.9,4.4,0.154299279
2003-05-14,0,11.7,7.2,0.111174609
2003-05-15,0,16.1,3.3,0.087831897
2003-05-16,0,18.9,6.7,0.072401969
2003-05-17,0,12.8,1.7,0.064489186
2003-05-18,0,17.2,-1.1,0.057367681
2003-05-19,0,21.7,1.1,0.050246175
2003-05-20,0,26.1,6.1,0.045102866
2003-05-21,0,26.7,7.2,0.041937753
2003-05-22,0.098425197,15,8.9,0.042729031
2003-05-23,0.019685039,13.3,6.7,0.040355196
2003-05-24,0.311023622,11.1,6.7,0.047476701
2003-05-25,0.098425197,10,6.7,0.049850536
2003-05-26,0.409448819,17.2,8.3,0.157860032
2003-05-27,0.881889764,11.1,8.3,0.181994021
2003-05-28,0.228346457,17.8,9.4,0.115131001
2003-05-29,0.070866142,18.9,8.3,0.094557763
2003-05-30,0,21.1,11.1,0.073193248
2003-05-31,0,23.3,8.3,0.06251099
2003-06-01,0.858267717,17.8,10.6,0.274969228
2003-06-02,0.141732283,15,5,0.179224547
2003-06-03,0,19.4,3.3,0.106822578
2003-06-04,0,21.1,8.9,0.078336557
2003-06-05,0.480314961,17.2,10.6,0.111570248
2003-06-06,0,17.2,11.1,0.098118516
2003-06-07,0,23.3,8.9,0.098909794
2003-06-08,0.480314961,16.7,9.4,0.147573413
2003-06-09,0.031496063,17.8,11.7,0.103657464
2003-06-10,0.011811024,22.8,11.1,0.077940918
2003-06-11,0,23.3,10.6,0.072797609
2003-06-12,0.228346457,21.1,13.9,0.083084227
2003-06-13,0.311023622,23.3,15.6,0.135704238
2003-06-14,0.5,16.1,11.7,0.163794619
2003-06-15,0,23.3,11.7,0.108405135
2003-06-16,0,25,6.7,0.074775804
2003-06-17,0,20.6,5.6,0.06251099
2003-06-18,0,22.8,8.9,0.063697908
2003-06-19,0.161417323,16.7,10.6,0.064884825
2003-06-20,0.011811024,24.4,13.9,0.055785124
2003-06-21,0.019685039,18.3,11.7,0.053806928
2003-06-22,0.200787402,22.2,11.1,0.172498681
2003-06-23,0.818897638,16.1,12.2,0.308994197
2003-06-24,0.019685039,29.4,13.3,0.291190434
2003-06-25,0,32.2,12.8,0.127395815
2003-06-26,0,31.1,16.1,0.078732196
2003-06-27,0,33.3,17.8,0.058950237
2003-06-28,0,31.1,10,0.046289784
2003-06-29,0,27.8,11.1,0.038772639
2003-06-30,0,26.7,13.9,0.034420608
2003-07-01,0,27.2,10,0.029277299
2003-07-02,0,26.7,10,0.025320907
2003-07-03,0,29.4,13.3,0.022947072
2003-07-04,0,27.2,12.8,0.021364516
2003-07-05,0,31.1,15,0.01938632
2003-07-06,0,30,19.4,0.017803763
2003-07-07,0,28.9,13.9,0.016616845
2003-07-08,0,28.9,15,0.016221206
2003-07-09,0,29.4,17.2,0.015825567
2003-07-10,0.291338583,20.6,10.6,0.017012485
2003-07-11,0.141732283,23.9,11.7,0.016616845
2003-07-12,0.098425197,17.2,12.8,0.017012485
2003-07-13,0,25.6,11.1,0.01463865
2003-07-14,0,23.9,11.1,0.013056093
2003-07-15,0,25,10,0.011869175
2003-07-16,0.031496063,27.2,12.2,0.015825567
2003-07-17,0.141732283,26.7,13.3,0.013451732
2003-07-18,0,26.7,13.9,0.011473536
2003-07-19,0,23.9,11.1,0.010682258
2003-07-20,0,25.6,8.9,0.00949534
2003-07-21,0,26.7,10.6,0.00949534
2003-07-22,0.661417323,25,15.6,0.01899068
2003-07-23,0.161417323,27.8,16.7,0.01938632
2003-07-24,0.011811024,26.7,19.4,0.016221206
2003-07-25,0.771653543,26.7,15.6,0.015429928
2003-07-26,0,27.2,11.7,0.012264814
2003-07-27,0,28.3,13.3,0.010286619
2003-07-28,0,28.3,13.9,0.00949534
2003-07-29,0,23.9,10,0.008308423
2003-07-30,0,27.2,10.6,0.007517144
2003-07-31,0,27.8,10,0.007121505
2003-08-01,0.169291339,26.7,11.7,0.007517144
2003-08-02,0.921259843,17.2,15,0.022155794
2003-08-03,0,27.8,15.6,0.020573237
2003-08-04,0.318897638,27.2,20.6,0.023342711
2003-08-05,0.75984252,26.7,20,0.030464217
2003-08-06,0.74015748,28.3,18.9,0.037585722
2003-08-07,0,27.2,17.2,0.031255495
2003-08-08,0.318897638,26.7,18.3,0.03362933
2003-08-09,0,25.6,18.9,0.039168279
2003-08-10,1.098425197,27.2,19.4,0.098514155
2003-08-11,0.291338583,27.2,18.9,0.12976965
2003-08-12,0.661417323,27.8,18.3,0.308598558
2003-08-13,0.12992126,27.2,18.9,0.19228064
2003-08-14,0,28.9,16.1,0.08150167
2003-08-15,0,28.9,15,0.04826798
2003-08-16,0,28.9,15.6,0.034420608
2003-08-17,0.338582677,28.9,15,0.037190083
2003-08-18,0.200787402,24.4,14.4,0.151529805
2003-08-19,0.039370079,25.6,13.3,0.075962722
2003-08-20,0,27.2,12.2,0.044707227
2003-08-21,0,28.9,12.8,0.032046773
2003-08-22,0,28.9,13.9,0.025320907
2003-08-23,0,31.1,13.9,0.022155794
2003-08-24,0,23.3,5.6,0.018595041
2003-08-25,0,21.1,6.7,0.016221206
2003-08-26,0,26.7,11.7,0.01463865
2003-08-27,0,26.7,12.2,0.015429928
2003-08-28,0,27.2,8.9,0.012660454
2003-08-29,0,21.7,6.7,0.011077897
2003-08-30,0.011811024,26.1,8.3,0.010682258
2003-08-31,0,23.3,4.4,0.010286619
2003-09-01,0,21.1,6.1,0.009890979
2003-09-02,0.830708661,18.9,11.1,0.036398804
2003-09-03,0.090551181,17.8,11.1,0.034816248
2003-09-04,0.641732283,17.8,12.8,0.046289784
2003-09-05,0.059055118,21.7,10,0.041937753
2003-09-06,0,22.8,7.2,0.026112186
2003-09-07,0,23.9,6.7,0.020573237
2003-09-08,0,25,7.2,0.017012485
2003-09-09,0,23.3,7.8,0.015429928
2003-09-10,0,25.6,3.3,0.013847371
2003-09-11,0,24.4,3.9,0.012264814
2003-09-12,0,24.4,7.2,0.011077897
2003-09-13,0,20.6,7.8,0.010682258
2003-09-14,0.149606299,18.3,12.2,0.013056093
2003-09-15,0.551181102,22.2,17.2,0.016221206
2003-09-16,0.358267717,22.8,16.7,0.021760155
2003-09-17,0,23.3,6.1,0.020968876
2003-09-18,0,22.8,6.7,0.015429928
2003-09-19,0.38976378,21.1,9.4,0.099305433
2003-09-20,1.448818898,24.4,15.6,0.072401969
2003-09-21,0,25,7.2,0.037585722
2003-09-22,0,22.8,6.1,0.026112186
2003-09-23,0.059055118,20.6,6.7,0.206128011
2003-09-24,1.118110236,18.9,5,0.181202743
2003-09-25,0,21.1,5,0.077940918
2003-09-26,0.350393701,22.2,9.4,0.087831897
2003-09-27,0.031496063,14.4,10.6,0.073588887
2003-09-28,0.279527559,21.1,13.3,0.605327941
2003-09-29,1.791338583,18.9,6.1,0.407508352
2003-09-30,0.051181102,16.7,5.6,0.188719887
2003-10-01,0,15.6,2.2,0.123043784
2003-10-02,0.031496063,11.7,-0.6,0.097722877
2003-10-03,0,12.8,-0.6,0.078336557
2003-10-04,0,12.8,0,0.070819413
2003-10-05,0.299212598,10.6,-1.1,0.102074908
2003-10-06,0,12.8,-0.6,0.073984526
2003-10-07,0,12.8,-2.2,0.062906629
2003-10-08,0,15,-1.7,0.059345877
2003-10-09,0,20.6,1.1,0.052224371
2003-10-10,0,24.4,6.7,0.046685423
2003-10-11,0,20,7.2,0.043915949
2003-10-12,0,22.8,6.7,0.047081062
2003-10-13,0.87007874,14.4,5,0.063302268
2003-10-14,0,18.9,1.1,0.04787234
2003-10-15,1.460629921,17.2,1.7,0.352910146
2003-10-16,0.11023622,12.2,0,0.196237032
2003-10-17,0,14.4,-1.7,0.126604537
2003-10-18,0.011811024,12.2,-2.8,0.08664498
2003-10-19,0.019685039,10.6,-2.2,0.080314753
2003-10-20,0.118110236,5,-5,0.081106031
2003-10-21,0,11.1,-5,0.073588887
2003-10-22,0.070866142,20,2.8,0.073193248
2003-10-23,0.12992126,3.9,-1.7,0.069236856
2003-10-24,0,3.9,-2.8,0.063697908
2003-10-25,0,6.7,-6.1,0.058158959
2003-10-26,0.011811024,12.8,-6.1,0.060137155
2003-10-27,0.311023622,17.8,10,0.180807104
2003-10-28,1.448818898,16.1,1.1,0.374274662
2003-10-29,0.88976378,14.4,1.1,0.858537014
2003-10-30,1.098425197,11.7,0.6,0.435203095
2003-10-31,0,12.2,0,0.271012836
2003-11-01,0,20.6,0.6,0.196237032
2003-11-02,0,22.8,7.8,0.153112362
2003-11-03,0.098425197,13.9,8.3,0.132934763
2003-11-04,0.011811024,22.8,6.1,0.118691753
2003-11-05,0.118110236,9.4,2.2,0.140847547
2003-11-06,0.358267717,15,2.8,0.179224547
2003-11-07,0,11.1,3.3,0.131352207
2003-11-08,0,10.6,-1.7,0.108405135
2003-11-09,0,2.8,-8.9,0.092183928
2003-11-10,0,2.8,-7.8,0.083479866
2003-11-11,0,7.2,-7.2,0.082292949
2003-11-12,0.251968504,2.8,-5,0.097722877
2003-11-13,0.149606299,15,2.8,0.10088799
2003-11-14,0.031496063,9.4,-5,0.086249341
2003-11-15,0,0.6,-7.2,0.073588887
2003-11-16,0,1.1,-6.7,0.068445578
2003-11-17,0,5.6,-1.1,0.067654299
2003-11-18,0.070866142,3.9,0,0.06725866
2003-11-19,0,10,2.8,0.074380165
2003-11-20,1.700787402,13.9,3.3,0.518287322
2003-11-21,0.011811024,8.3,0.6,0.258352383
2003-11-22,0,15.6,-2.2,0.160629506
2003-11-23,0,16.1,-3.3,0.127791454
2003-11-24,0,11.7,-3.9,0.11038333
2003-11-25,0.161417323,11.1,-3.9,0.11552664
2003-11-26,0,3.3,-6.7,0.100492351
2003-11-27,0,5.6,-5.6,0.090601372
2003-11-28,0.051181102,9.4,-3.3,0.111570248
2003-11-29,1.208661417,15.6,2.2,0.451028662
2003-11-30,0.078740157,3.9,-3.3,0.21641463
2003-12-01,0,5,-2.8,0.155090557
2003-12-02,0.051181102,5.6,-6.1,0.128978372
2003-12-03,0,-2.8,-13.3,0.096535959
2003-12-04,0.031496063,-5.6,-13.3,0.10088799
2003-12-05,0.019685039,-1.1,-16.1,0.09139265
2003-12-06,0.251968504,-2.2,-15.6,0.06725866
2003-12-07,1.051181102,-5.6,-9.4,0.059345877
2003-12-08,0,-3.9,-8.9,0.057367681
2003-12-09,0,1.1,-14.4,0.055389485
2003-12-10,0,-0.6,-11.1,0.076754
2003-12-11,0.181102362,5,-2.8,0.336293301
2003-12-12,1.039370079,7.8,-2.8,0.381396167
2003-12-13,0,1.7,-8.9,0.190698083
2003-12-14,0,-3.9,-13.9,0.132934763
2003-12-15,1.421259843,-3.3,-11.7,0.142430104
2003-12-16,0,-1.1,-7.8,0.124626341
2003-12-17,0.078740157,7.2,-7.8,0.419377528
2003-12-18,1.799212598,8.3,-3.3,0.633022683
2003-12-19,0,0.6,-5.6,0.308598558
2003-12-20,0,1.1,-7.8,0.199006506
2003-12-21,0,-1.1,-11.7,0.151134166
2003-12-22,0,-1.7,-10.6,0.132539124
2003-12-23,0,7.8,-7.8,0.123835062
2003-12-24,0.039370079,10.6,-0.6,0.510374538
2003-12-25,0.929133858,11.1,0,0.771496395
2003-12-26,0,6.1,-2.8,0.36042729
2003-12-27,0,0.6,-2.8,0.231844558
2003-12-28,0,7.8,-7.8,0.175268155
2003-12-29,0,12.2,-7.8,0.150342887
2003-12-30,0,13.3,-4.4,0.147573413
2003-12-31,0.019685039,7.2,-0.6,0.145595217
2004-01-01,0,5.6,-1.1,0.12502198
2004-01-02,0.051181102,1.7,-5.6,0.113152805
2004-01-03,0.24015748,0,-3.3,0.130956568
2004-01-04,0.188976378,8.9,0,0.221953578
2004-01-05,0.358267717,6.1,-3.3,0.208897485
2004-01-06,0.149606299,-1.1,-5.6,0.149551609
2004-01-07,0.019685039,-2.2,-13.9,0.094953402
2004-01-08,0.031496063,-8.3,-16.1,0.06725866
2004-01-09,0,-10.6,-21.1,0.051433093
2004-01-10,0,-15.6,-23.9,0.041542114
2004-01-11,0,-13.9,-23.3,0.047476701
2004-01-12,0.090551181,-6.7,-21.7,0.063302268
2004-01-13,0.011811024,-1.1,-7.2,0.06725866
2004-01-14,0,2.2,-24.4,0.061324072
2004-01-15,0.078740157,-16.7,-25,0.055389485
2004-01-16,0,-14.4,-26.1,0.051433093
2004-01-17,0,-13.3,-24.4,0.049454897
2004-01-18,0,-3.9,-13.9,0.047476701
2004-01-19,0.051181102,0,-11.1,0.045498505
2004-01-20,0,-8.3,-14.4,0.043520309
2004-01-21,0,-8.3,-14.4,0.039563918
2004-01-22,0,-4.4,-16.7,0.037585722
2004-01-23,0.011811024,1.7,-15,0.03362933
2004-01-24,0,-10.6,-18.9,0.031651134
2004-01-25,0,-11.1,-21.7,0.027694742
2004-01-26,0,-10.6,-21.1,0.025716547
2004-01-27,0,-7.8,-21.1,0.023738351
2004-01-28,0.311023622,-6.7,-12.8,0.025716547
2004-01-29,0.090551181,-3.3,-9.4,0.027694742
2004-01-30,0.011811024,-6.7,-14.4,0.027694742
2004-01-31,0.011811024,-6.7,-13.9,0.025716547
2004-02-01,0,-6.7,-13.3,0.023738351
2004-02-02,0,-2.2,-16.7,0.023738351
2004-02-03,0,6.1,-16.7,0.025716547
2004-02-04,0.688976378,0.6,-12.2,0.027694742
2004-02-05,0,2.2,-8.3,0.025716547
2004-02-06,0.149606299,-0.6,-8.3,0.027694742
2004-02-07,1.118110236,1.1,-6.7,0.031651134
2004-02-08,0,3.3,-16.1,0.03362933
2004-02-09,0,-6.1,-16.1,0.031651134
2004-02-10,0,4.4,-11.1,0.025716547
2004-02-11,0.011811024,5,-5,0.025716547
2004-02-12,0,-1.1,-13.9,0.023738351
2004-02-13,0,1.1,-14.4,0.023738351
2004-02-14,0,2.2,-5,0.025716547
2004-02-15,0,1.7,-14.4,0.023738351
2004-02-16,0,-8.9,-21.7,0.025716547
2004-02-17,0,-2.2,-20,0.022155794
2004-02-18,0,-2.2,-19.4,0.019781959
2004-02-19,0,4.4,-12.2,0.01938632
2004-02-20,0,2.8,-12.2,0.01899068
2004-02-21,0.070866142,3.3,-11.7,0.018595041
2004-02-22,0.070866142,1.7,-2.8,0.018595041
2004-02-23,0,1.7,-9.4,0.018595041
2004-02-24,0,5.6,-10,0.018199402
2004-02-25,0,2.2,-12.2,0.018199402
2004-02-26,0,1.7,-14.4,0.018199402
2004-02-27,0,6.1,-13.3,0.018199402
2004-02-28,0,7.8,-12.8,0.01899068
2004-02-29,0,9.4,-6.7,0.021760155
2004-03-01,0,10.6,-2.8,0.028090382
2004-03-02,0.019685039,15,-2.8,0.047081062
2004-03-03,0.031496063,15,0.6,0.102470547
2004-03-04,0.051181102,6.7,0,0.097722877
2004-03-05,0.051181102,6.1,-2.2,0.095744681
2004-03-06,0.12992126,12.8,0.6,0.266265166
2004-03-07,0.059055118,11.7,-2.8,0.221953578
2004-03-08,0.051181102,5.6,-2.8,0.130165289
2004-03-09,0.200787402,1.1,-3.3,0.094557763
2004-03-10,0.019685039,1.7,-6.1,0.077545279
2004-03-11,0,6.1,-4.4,0.074380165
2004-03-12,0,11.1,-3.9,0.079919114
2004-03-13,0.059055118,2.2,-6.7,0.066071743
2004-03-14,0,0,-11.1,0.058158959
2004-03-15,0.078740157,5,-7.8,0.059741516
2004-03-16,0,6.1,-6.1,0.059741516
2004-03-17,0.618110236,-0.6,-7.2,0.056180763
2004-03-18,0.169291339,-2.8,-8.3,0.053806928
2004-03-19,0.039370079,0.6,-7.2,0.050641815
2004-03-20,0.011811024,3.9,-13.3,0.04826798
2004-03-21,0.251968504,6.7,-9.4,0.065280464
2004-03-22,0,4.4,-11.7,0.061324072
2004-03-23,0,-5,-15,0.052224371
2004-03-24,0.019685039,3.3,-10,0.053806928
2004-03-25,0,11.7,-2.2,0.073193248
2004-03-26,0,9.4,1.1,0.136099877
2004-03-27,0.291338583,20.6,3.3,0.403551961
2004-03-28,0,17.8,2.8,0.306620362
2004-03-29,0,13.3,-3.9,0.199797784
2004-03-30,0,12.2,-5,0.144803939
2004-03-31,0.460629921,7.8,-3.9,0.392078424
2004-04-01,1.208661417,3.9,0.6,1.02866186
2004-04-02,1.88976378,6.1,0.6,1.00492351
2004-04-03,0,2.8,0.6,0.403551961
2004-04-04,0.031496063,8.3,1.1,0.286442764
2004-04-05,0.161417323,6.7,-5.6,0.216018991
2004-04-06,0,0,-6.7,0.154299279
2004-04-07,0,7.2,-6.1,0.130956568
2004-04-08,0,10,-3.3,0.114735361
2004-04-09,0,11.7,-2.8,0.102470547
2004-04-10,0,12.2,-1.7,0.090997011
2004-04-11,0,12.2,-2.2,0.082292949
2004-04-12,0,11.7,-1.7,0.076358361
2004-04-13,0.669291339,12.2,0.6,0.246878846
2004-04-14,1.271653543,10.6,1.1,0.601371549
2004-04-15,0.011811024,14.4,3.3,0.273782311
2004-04-16,0,12.8,-3.3,0.168542289
2004-04-17,0,15.6,-1.7,0.132539124
2004-04-18,0,25,3.3,0.112361526
2004-04-19,0,21.7,3.3,0.098909794
2004-04-20,0.011811024,30.6,3.9,0.093370846
2004-04-21,0,18.3,1.1,0.07714964
2004-04-22,0.039370079,16.1,3.3,0.071215052
2004-04-23,0.299212598,25,6.7,0.137286794
2004-04-24,0.429133858,8.3,3.9,0.138869351
2004-04-25,0,15.6,-3.3,0.098514155
2004-04-26,0.62992126,12.8,-1.7,0.251626517
2004-04-27,0.669291339,10.6,3.3,0.344997362
2004-04-28,0,16.7,0.6,0.180015826
2004-04-29,0,9.4,-0.6,0.128978372
2004-04-30,0,25,5.6,0.106426939
2004-05-01,0,26.1,7.8,0.092579567
2004-05-02,0,26.7,10.6,0.087436258
2004-05-03,0.078740157,18.3,10,0.087040619
2004-05-04,0.618110236,10.6,2.2,0.147969052
2004-05-05,0,10.6,-2.2,0.107613856
2004-05-06,0.019685039,15,-1.1,0.090601372
2004-05-07,0.019685039,20.6,5,0.077940918
2004-05-08,0,24.4,0.6,0.066863021
2004-05-09,0,16.1,3.3,0.070423774
2004-05-10,0.271653543,17.8,3.9,0.07714964
2004-05-11,0.011811024,22.8,7.8,0.066071743
2004-05-12,0,26.7,10,0.060532794
2004-05-13,0,30,12.2,0.06251099
2004-05-14,0,25,7.8,0.052620011
2004-05-15,0,25.6,9.4,0.047476701
2004-05-16,0.070866142,29.4,12.2,0.047081062
2004-05-17,0,21.7,3.3,0.041146474
2004-05-18,0.019685039,24.4,6.7,0.039168279
2004-05-19,0.338582677,24.4,12.2,0.090997011
2004-05-20,0,20.6,3.3,0.054993846
2004-05-21,0.078740157,22.2,6.1,0.04826798
2004-05-22,0.031496063,25.6,11.7,0.042729031
2004-05-23,0.181102362,12.8,7.2,0.044707227
2004-05-24,0.031496063,26.1,9.4,0.04787234
2004-05-25,0.968503937,19.4,11.1,0.105240021
2004-05-26,0.338582677,20.6,6.7,0.073588887
2004-05-27,0.74015748,11.7,6.7,0.165772815
2004-05-28,0.188976378,23.3,11.1,0.128978372
2004-05-29,0.161417323,20.6,4.4,0.111965887
2004-05-30,0,15,2.2,0.070423774
2004-05-31,0,19.4,2.2,0.05776332
2004-06-01,0.590551181,20,5.6,0.082292949
2004-06-02,0.448818898,12.2,7.2,0.136099877
2004-06-03,0.590551181,20,10,0.142430104
2004-06-04,0.019685039,20.6,3.3,0.079523475
2004-06-05,0,22.2,6.1,0.060137155
2004-06-06,0,21.1,8.3,0.050246175
2004-06-07,0.051181102,13.9,9.4,0.046289784
2004-06-08,0,25.6,10.6,0.039959557
2004-06-09,0,30,15.6,0.034024969
2004-06-10,0.649606299,30.6,17.8,0.054202567
2004-06-11,0.118110236,20,3.9,0.047081062
2004-06-12,0,20.6,2.8,0.034816248
2004-06-13,0,21.7,4.4,0.028090382
2004-06-14,0,23.9,6.7,0.024925268
2004-06-15,0.039370079,25,15.6,0.024529629
2004-06-16,0,28.3,12.8,0.021760155
2004-06-17,0,27.8,15,0.01938632
2004-06-18,0.039370079,26.1,16.1,0.01899068
2004-06-19,0.11023622,23.9,16.1,0.026112186
2004-06-20,0,23.9,5,0.020968876
2004-06-21,0,20,5.6,0.017012485
2004-06-22,0,23.3,8.3,0.015825567
2004-06-23,0.188976378,20.6,12.8,0.016221206
2004-06-24,0,24.4,6.7,0.01463865
2004-06-25,0,27.2,9.4,0.013451732
2004-06-26,0.299212598,23.3,15,0.01424301
2004-06-27,0.12992126,20.6,6.7,0.015429928
2004-06-28,0,21.7,7.8,0.013056093
2004-06-29,0.37007874,22.2,10.6,0.013847371
2004-06-30,0,22.8,10.6,0.013451732
2004-07-01,0,24.4,9.4,0.012264814
2004-07-02,0.338582677,27.2,12.8,0.023738351
2004-07-03,0,25.6,10,0.019781959
2004-07-04,0,26.7,9.4,0.013847371
2004-07-05,0,27.2,11.7,0.013056093
2004-07-06,1.37007874,25,13.9,0.030464217
2004-07-07,0,25,9.4,0.021364516
2004-07-08,0.200787402,27.8,11.7,0.018199402
2004-07-09,0.039370079,26.1,13.9,0.016221206
2004-07-10,0,22.2,11.1,0.013056093
2004-07-11,0,26.1,12.2,0.011473536
2004-07-12,0,25,14.4,0.010682258
2004-07-13,0.070866142,22.2,14.4,0.010682258
2004-07-14,0.208661417,16.7,13.9,0.011869175
2004-07-15,0.358267717,22.8,14.4,0.013056093
2004-07-16,0.299212598,23.9,13.3,0.013451732
2004-07-17,0,23.3,14.4,0.011869175
2004-07-18,0,27.2,13.9,0.010286619
2004-07-19,0.12992126,24.4,15,0.011077897
2004-07-20,0.039370079,23.3,16.7,0.013847371
2004-07-21,0,27.2,13.9,0.011473536
2004-07-22,0,28.3,13.9,0.009890979
2004-07-23,0,28.3,15.6,0.009890979
2004-07-24,0.440944882,25.6,16.7,0.018199402
2004-07-25,0,25,11.1,0.013451732
2004-07-26,0,23.9,11.1,0.010286619
2004-07-27,0,25,12.2,0.00949534
2004-07-28,0.948818898,18.3,12.8,0.032838052
2004-07-29,0.039370079,20,13.3,0.023738351
2004-07-30,0,27.2,13.3,0.016221206
2004-07-31,0,28.3,15,0.012660454
2004-08-01,0.618110236,28.9,20.6,0.024925268
2004-08-02,0.019685039,28.3,14.4,0.032046773
2004-08-03,0,28.9,15,0.020177598
2004-08-04,0.24015748,30,15,0.017012485
2004-08-05,0.669291339,27.8,13.3,0.036398804
2004-08-06,0.019685039,23.3,7.2,0.034420608
2004-08-07,0,20.6,6.7,0.01899068
2004-08-08,0,20,8.3,0.01463865
2004-08-09,0,21.1,8.9,0.012264814
2004-08-10,0,26.1,10,0.010682258
2004-08-11,0.11023622,27.2,11.7,0.011869175
2004-08-12,0.149606299,26.1,16.7,0.096931598
2004-08-13,2.181102362,23.3,17.2,0.140056269
2004-08-14,0.74015748,23.9,14.4,0.10088799
2004-08-15,0.330708661,25,15.6,0.057367681
2004-08-16,0.098425197,20,15,0.061719712
2004-08-17,0.24015748,17.8,10,0.062115351
2004-08-18,0,23.9,10.6,0.041146474
2004-08-19,0,24.4,11.7,0.029672938
2004-08-20,0,25.6,15.6,0.026903464
2004-08-21,1.771653543,28.9,16.1,0.280112537
2004-08-22,0.448818898,22.2,7.2,0.170124846
2004-08-23,0,22.8,7.2,0.076358361
2004-08-24,0,26.1,8.9,0.04826798
2004-08-25,0,23.3,6.7,0.035607526
2004-08-26,0,23.3,8.9,0.029277299
2004-08-27,0,25,10,0.024529629
2004-08-28,0,27.2,14.4,0.022155794
2004-08-29,0.031496063,30,17.8,0.021364516
2004-08-30,0,30.6,16.1,0.021364516
2004-08-31,0.24015748,28.9,17.8,0.029672938
2004-09-01,0.011811024,25,12.2,0.022551433
2004-09-02,0,23.9,7.8,0.018595041
2004-09-03,0,23.3,8.3,0.016221206
2004-09-04,0,25.6,10,0.015034289
2004-09-05,0.059055118,28.3,12.8,0.013847371
2004-09-06,0,17.2,7.2,0.013056093
2004-09-07,0,21.1,7.8,0.012264814
2004-09-08,0,25,12.8,0.012660454
2004-09-09,1.570866142,21.7,13.9,0.427290311
2004-09-10,0.968503937,23.3,13.9,0.317698259
2004-09-11,0,23.3,9.4,0.115131001
2004-09-12,0,23.9,6.7,0.068841217
2004-09-13,0,25,7.2,0.051828732
2004-09-14,0,23.9,6.1,0.039168279
2004-09-15,0,20,6.7,0.032442413
2004-09-16,0,21.7,12.2,0.028090382
2004-09-17,0.011811024,24.4,12.2,0.026112186
2004-09-18,2.11023622,24.4,13.3,1.052400211
2004-09-19,1.429133858,14.4,3.9,0.407508352
2004-09-20,0,14.4,1.7,0.175663795
2004-09-21,0,20.6,2.8,0.099305433
2004-09-22,0,23.3,8.3,0.076754
2004-09-23,0,24.4,12.8,0.064489186
2004-09-24,0,25.6,6.1,0.055389485
2004-09-25,0,24.4,6.7,0.04826798
2004-09-26,0,25.6,10,0.04312467
2004-09-27,0,23.3,5.6,0.037981361
2004-09-28,0.25984252,23.9,6.1,0.318885177
2004-09-29,2.858267717,16.7,11.7,0.858537014
2004-09-30,0.019685039,17.2,5.6,0.34143661
2004-10-01,0.070866142,18.3,6.7,0.180411465
2004-10-02,0,21.1,5,0.126208897
2004-10-03,0.24015748,17.2,4.4,0.117900475
2004-10-04,0,18.3,0.6,0.092975207
2004-10-05,0,19.4,1.1,0.079523475
2004-10-06,0,12.2,-2.8,0.06725866
2004-10-07,0,16.1,-2.8,0.061719712
2004-10-08,0,22.2,1.7,0.056972041
2004-10-09,0,24.4,5.6,0.053806928
2004-10-10,0,21.7,6.1,0.049059258
2004-10-11,0.011811024,15.6,5.6,0.045894145
2004-10-12,0,12.8,4.4,0.043915949
2004-10-13,0,16.1,0,0.040750835
2004-10-14,0,22.2,1.1,0.039168279
2004-10-15,0.401574803,15,4.4,0.060532794
2004-10-16,1.019685039,13.3,5.6,0.122252506
2004-10-17,0.019685039,13.3,1.7,0.087831897
2004-10-18,0,11.7,1.7,0.068841217
2004-10-19,0.460629921,9.4,3.3,0.162607702
2004-10-20,0.618110236,6.1,3.3,0.16814665
2004-10-21,0,12.2,1.1,0.102866186
2004-10-22,0.011811024,8.3,1.7,0.084666784
2004-10-23,0,9.4,-0.6,0.074380165
2004-10-24,0,7.8,0.6,0.068841217
2004-10-25,0.019685039,7.8,3.9,0.064093547
2004-10-26,0,10,-2.2,0.061719712
2004-10-27,0,14.4,0,0.064489186
2004-10-28,0,14.4,-1.7,0.060532794
2004-10-29,0,12.8,-2.2,0.056576402
2004-10-30,0.011811024,16.7,4.4,0.052224371
2004-10-31,0.090551181,16.1,7.2,0.05301565
2004-11-01,0.011811024,17.2,5.6,0.049454897
2004-11-02,0,10.6,-2.2,0.049059258
2004-11-03,0.11023622,11.1,1.7,0.049454897
2004-11-04,0,10.6,-6.1,0.048663619
2004-11-05,0.669291339,7.2,-5.6,0.093766485
2004-11-06,0.11023622,5.6,0.6,0.073588887
2004-11-07,0,12.2,-0.6,0.061324072
2004-11-08,0,17.8,-0.6,0.054598206
2004-11-09,0,6.7,-7.8,0.049059258
2004-11-10,0,1.7,-11.1,0.045894145
2004-11-11,0,3.9,-8.3,0.045102866
2004-11-12,0.031496063,12.2,-1.7,0.045102866
2004-11-13,0.279527559,-0.6,-3.3,0.045102866
2004-11-14,0,5,-8.9,0.041937753
2004-11-15,0,6.1,-7.2,0.041542114
2004-11-16,0,13.3,-1.7,0.045102866
2004-11-17,0,8.9,-2.8,0.045102866
2004-11-18,0,8.9,-1.1,0.044311588
2004-11-19,0,15,3.9,0.041542114
2004-11-20,0,13.3,-2.8,0.039168279
2004-11-21,0.311023622,7.2,0,0.050246175
2004-11-22,0,7.8,-1.1,0.051828732
2004-11-23,0,7.8,-5,0.045498505
2004-11-24,0,10,-5,0.045894145
2004-11-25,0.88976378,16.1,5.6,0.125417619
2004-11-26,0.051181102,15,-5.6,0.090997011
2004-11-27,0,1.1,-7.2,0.070423774
2004-11-28,0,6.7,-7.2,0.177246351
2004-11-29,1.228346457,11.1,-1.1,0.223140496
2004-11-30,0,7.2,-2.8,0.118691753
2004-12-01,0.208661417,6.1,-1.1,0.27892562
2004-12-02,0.909448819,10.6,-0.6,0.236196589
2004-12-03,0,5.6,-6.1,0.143221382
2004-12-04,0.019685039,3.3,-7.8,0.111174609
2004-12-05,0,2.8,-8.9,0.098118516
2004-12-06,0,6.7,-8.3,0.088227536
2004-12-07,0.228346457,-2.8,-6.7,0.090205732
2004-12-08,0.720472441,2.2,-3.3,0.181994021
2004-12-09,0,8.3,-1.7,0.161025145
2004-12-10,0.330708661,3.9,-2.2,0.195445753
2004-12-11,0.519685039,2.8,0,0.320467733
2004-12-12,0.059055118,4.4,-0.6,0.208897485
2004-12-13,0.039370079,1.1,-2.2,0.150342887
2004-12-14,0.031496063,3.9,-8.3,0.128582733
2004-12-15,0,-6.1,-13.3,0.089414454
2004-12-16,0,-4.4,-12.8,0.073193248
2004-12-17,0.011811024,2.8,-12.8,0.070819413
2004-12-18,0,1.7,-15,0.065280464
2004-12-19,0,-0.6,-15,0.061719712
2004-12-20,0.141732283,0.6,-16.7,0.059345877
2004-12-21,0.011811024,-12.2,-20,0.060928433
2004-12-22,0,-4.4,-19.4,0.072401969
2004-12-23,0.090551181,4.4,-11.1,0.170124846
2004-12-24,1.12992126,13.3,-6.1,0.321654651
2004-12-25,0,-1.1,-12.8,0.134912959
2004-12-26,0,-3.9,-12.2,0.089414454
2004-12-27,0.200787402,-6.1,-10,0.079919114
2004-12-28,0,-7.8,-16.7,0.066071743
2004-12-29,0,-3.9,-15,0.068841217
2004-12-30,0,1.7,-4.4,0.062115351
2004-12-31,0,4.4,-7.8,0.056180763
